id,title,creator,date_avg,date_range_start,date_range_end,type,file
IT-LAT0261,Carmen Saliare,[Auctor incertus],-700,-750,-650,poetry,lat_0350_IT-LAT0261.txt
IT-LAT0285,XII Tabularum Leges,[Auctor incertus],-450,-450,-450,prose,lat_-0450_IT-LAT0285.txt
IT-LAT0262,Carmen Arvale,[Auctor incertus],-350,-400,-300,poetry,lat_0350_IT-LAT0262.txt
MQDQ-288,carminum fragmenta,"Caecus, Appius Claudius",-290,-312,-279,poetry,lat_-0300_MQDQ-288.txt
IT-LAT1006,Praecepta,"Marcius Vates, Gnaeus",-229,-250,-218,prose,lat_-0229_IT-LAT1006.txt
MQDQ-168,comoediarum fragmenta,Liuius Andronicus,-225,-240,-207,poetry,lat_-0243_MQDQ-168.txt
MQDQ-169,*carminum fragmenta,Liuius Andronicus,-225,-240,-207,poetry,lat_-0243_MQDQ-169.txt
MQDQ-167,tragoediarum fragmenta,Liuius Andronicus,-225,-240,-207,poetry,lat_-0243_MQDQ-167.txt
MQDQ-228,comoediarum fragmenta,Naeuius,-220,-235,-201,poetry,lat_-0234_MQDQ-228.txt
MQDQ-229,carminum fragmenta,Naeuius,-220,-235,-201,poetry,lat_-0234_MQDQ-229.txt
MQDQ-227,praetextarum fragmenta,Naeuius,-220,-235,-201,poetry,lat_-0234_MQDQ-227.txt
MQDQ-226,tragoediarum fragmenta,Naeuius,-220,-235,-201,poetry,lat_-0234_MQDQ-226.txt
MQDQ-237,elogium,[Auctor incertus],-225,-247,-200,poetry,lat_-0255_MQDQ-237.txt
MQDQ-323,Stichus,"Plautus, Titus Maccius",-200,-200,-200,poetry,lat_-0218_MQDQ-323.txt
MQDQ-321,Pseudolus,"Plautus, Titus Maccius",-191,-191,-191,poetry,lat_-0218_MQDQ-321.txt
IT-LAT0380,Decretum Hastense,"Aemilius Paulus, Lucius",-189,-189,-189,poetry,lat_-0199_IT-LAT0380.txt
IT-LAT0952,Senatus consultum de Bacchanalibus,[Auctor incertus],-186,-186,-186,prose,lat_-0185_IT-LAT0952.txt
MQDQ-306,Amphitruo,"Plautus, Titus Maccius",-195,-205,-184,poetry,lat_-0218_MQDQ-306.txt
MQDQ-307,Asinaria,"Plautus, Titus Maccius",-195,-205,-184,poetry,lat_-0218_MQDQ-307.txt
MQDQ-308,Aulularia,"Plautus, Titus Maccius",-195,-205,-184,poetry,lat_-0218_MQDQ-308.txt
MQDQ-309,Bacchides,"Plautus, Titus Maccius",-195,-205,-184,poetry,lat_-0218_MQDQ-309.txt
MQDQ-310,Captiui,"Plautus, Titus Maccius",-195,-205,-184,poetry,lat_-0218_MQDQ-310.txt
MQDQ-311,Casina,"Plautus, Titus Maccius",-195,-205,-184,poetry,lat_-0218_MQDQ-311.txt
MQDQ-312,Cistellaria,"Plautus, Titus Maccius",-195,-205,-184,poetry,lat_-0218_MQDQ-312.txt
MQDQ-313,Curculio,"Plautus, Titus Maccius",-195,-205,-184,poetry,lat_-0218_MQDQ-313.txt
MQDQ-314,Epidicus,"Plautus, Titus Maccius",-195,-205,-184,poetry,lat_-0218_MQDQ-314.txt
MQDQ-327,fragmenta,"Plautus, Titus Maccius",-195,-205,-184,poetry,lat_-0218_MQDQ-327.txt
MQDQ-315,Menaechmi,"Plautus, Titus Maccius",-195,-205,-184,poetry,lat_-0218_MQDQ-315.txt
MQDQ-316,Mercator,"Plautus, Titus Maccius",-195,-205,-184,poetry,lat_-0218_MQDQ-316.txt
MQDQ-317,Miles gloriosus,"Plautus, Titus Maccius",-195,-205,-184,poetry,lat_-0218_MQDQ-317.txt
MQDQ-318,Mostellaria,"Plautus, Titus Maccius",-195,-205,-184,poetry,lat_-0218_MQDQ-318.txt
MQDQ-319,Persa,"Plautus, Titus Maccius",-195,-205,-184,poetry,lat_-0218_MQDQ-319.txt
MQDQ-322,Rudens,"Plautus, Titus Maccius",-195,-205,-184,poetry,lat_-0218_MQDQ-322.txt
MQDQ-324,Trinummus,"Plautus, Titus Maccius",-195,-205,-184,poetry,lat_-0218_MQDQ-324.txt
MQDQ-325,Truculentus,"Plautus, Titus Maccius",-195,-205,-184,poetry,lat_-0218_MQDQ-325.txt
MQDQ-326,Vidularia,"Plautus, Titus Maccius",-195,-205,-184,poetry,lat_-0218_MQDQ-326.txt
IT-LAT0181,Poenulus,"Plautus, Titus Maccius",-195,-205,-184,poetry,lat_0000_IT-LAT0181.txt
MQDQ-74,comoediarum fragmenta,Ennius,-200,-204,-169,poetry,lat_-0203_MQDQ-74.txt
MQDQ-73,praetextarum fragmenta,Ennius,-200,-204,-169,poetry,lat_-0203_MQDQ-73.txt
MQDQ-70,saturarum fragmenta,Ennius,-200,-204,-169,poetry,lat_-0203_MQDQ-70.txt
MQDQ-72,tragoediarum fragmenta,Ennius,-200,-204,-169,poetry,lat_-0203_MQDQ-72.txt
MQDQ-71,fragmenta uaria,Ennius,-200,-204,-169,poetry,lat_-0203_MQDQ-71.txt
MQDQ-67,annalium fragmenta,Ennius,-180,-184,-169,poetry,lat_-0203_MQDQ-67.txt
MQDQ-68,annalium fragmenta dubia,Ennius,-180,-184,-169,poetry,lat_-0203_MQDQ-68.txt
MQDQ-69,annalium fragmenta spuria,Ennius,-180,-184,-169,poetry,lat_-0203_MQDQ-69.txt
MQDQ-484,Andria,Terentius,-166,-166,-166,poetry,lat_-0176_MQDQ-484.txt
MQDQ-485,"Andria, alter exitus",Terentius,-166,-166,-166,poetry,lat_-0176_MQDQ-485.txt
MQDQ-629,comoediarum fragmenta,Caecilius Statius,-179,-200,-165,poetry,lat_-0193_MQDQ-629.txt
MQDQ-488,Hecyra,Terentius,-165,-165,-165,poetry,lat_-0176_MQDQ-488.txt
MQDQ-487,Hautontimorumenos,Terentius,-163,-163,-163,poetry,lat_-0176_MQDQ-487.txt
MQDQ-486,Eunuchus,Terentius,-161,-161,-161,poetry,lat_-0176_MQDQ-486.txt
MQDQ-489,Phormio,Terentius,-161,-161,-161,poetry,lat_-0176_MQDQ-489.txt
IT-LAT0405,De agricultura,"Cato Porcius, Marcus",-160,-160,-160,prose,lat_-0199_IT-LAT0405.txt
MQDQ-483,Adelphoe,Terentius,-160,-160,-160,poetry,lat_-0176_MQDQ-483.txt
IT-LAT0988,Boeotia,Aquilius,-164,-174,-154,poetry,lat_-0149_IT-LAT0988.txt
MQDQ-164,comoediae fragmentum,Licinius Imbrex,-200,-250,-150,poetry,lat_-0149.0_MQDQ-164.txt
MQDQ-474,comoediarum fragmenta,Atilius,-175,-200,-150,poetry,lat_-0149.0_MQDQ-474.txt
MQDQ-503,palliatarum fragmenta,Trabea,-175,-200,-150,poetry,lat_-0149.0_MQDQ-503.txt
MQDQ-502,togatarum fragmenta,Titinius,-175,-200,-150,poetry,lat_-0149.0_MQDQ-502.txt
MQDQ-329,Ardeatis templi inscriptio,Marcus Plautius,-175,-200,-150,poetry,lat_-0149.0_MQDQ-329.txt
MQDQ-175,palliatae fragmentum,Luscius Lanuuinus,-165,-200,-150,poetry,lat_-0149.0_MQDQ-175.txt
IT-LAT0236,Orationes,"Cato Porcius, Marcus",-175,-204,-149,prose,lat_-0199_IT-LAT0236.txt
MQDQ-271,praetextarum fragmenta,Pacuuius,-174,-190,-140,poetry,lat_-0174_MQDQ-271.txt
MQDQ-270,tragoediarum fragmenta,Pacuuius,-174,-190,-140,poetry,lat_-0174_MQDQ-270.txt
IT-LAT0372,Ad Gaium filium,Cornelia,-124,-124,-124,prose,lat_-0149_IT-LAT0372.txt
MQDQ-507,palliatarum fragmenta,Sextus Turpilius,-125,-150,-103,poetry,lat_-0149.0_MQDQ-507.txt
MQDQ-172,saturarum reliquiae,Gaius Lucilius,-115,-130,-103,poetry,lat_-0140_MQDQ-172.txt
MQDQ-13,comoediarum fragmenta,Lucius Afranius,-125,-150,-100,poetry,lat_-0149.0_MQDQ-13.txt
MQDQ-139,belli Histrici fragmenta,Hostius,-112,-125,-100,poetry,lat_-0149.0_MQDQ-139.txt
MQDQ-342,epigrammata,Porcius Licinus,-110,-125,-100,poetry,lat_-0149.0_MQDQ-342.txt
MQDQ-337,tragoediae fragmentum,Pompilius,-99,-200,-100,poetry,lat_-0099.0_MQDQ-337.txt
IT-LAT0370,Edictum adversus Latinos rhetores,[Auctor incertus],-92,-92,-92,prose,lat_-0091_IT-LAT0370.txt
MQDQ-339,Atellanarum fragmenta,Lucius Pomponius,-89,-89,-89,poetry,lat_-0049.0_MQDQ-339.txt
MQDQ-176,epigrammata,Lutatius Catulus,-100,-130,-87,poetry,lat_-0086_MQDQ-176.txt
MQDQ-458,tragoediarum fragmenta,Iulius Caesar Strabo,-100,-131,-87,poetry,lat_-0086_MQDQ-458.txt
MQDQ-334,carminum fragmenta,Accius,-127,-140,-86,poetry,lat_-0127_MQDQ-334.txt
MQDQ-333,praetextarum fragmenta,Accius,-127,-140,-86,poetry,lat_-0127_MQDQ-333.txt
MQDQ-332,tragoediarum fragmenta,Accius,-127,-140,-86,poetry,lat_-0127_MQDQ-332.txt
IT-LAT0221,De inventione,"Cicero, Marcus Tullius",-84,-87,-83,prose,lat_-0084_IT-LAT0221.txt
MQDQ-511,carminum fragmenta,Valerius Soranus,-105,-130,-82,poetry,lat_-0105_MQDQ-511.txt
IT-LAT0377,De ratione dicendi ad C. Herennium,[Auctor incertus],-84,-86,-82,prose,lat_-0049_IT-LAT0377.txt
IT-LAT0093,Pro Quinctio,"Cicero, Marcus Tullius",-81,-81,-81,prose,lat_-0080_IT-LAT0093.txt
IT-LAT0094,Pro Roscio Amerino,"Cicero, Marcus Tullius",-80,-80,-80,prose,lat_-0079_IT-LAT0094.txt
MQDQ-493,togatarum fragmenta,Atta,-101,-125,-77,poetry,lat_-0076_MQDQ-493.txt
MQDQ-494,carminis fragmentum,Atta,-101,-125,-77,poetry,lat_-0076_MQDQ-494.txt
IT-LAT0122,Pro Roscio Comoedo,"Cicero, Marcus Tullius",-76,-76,-76,prose,lat_-0075_IT-LAT0122.txt
MQDQ-567,carminum fragmenta,Volcacius Sedigitus,-100,-125,-75,poetry,lat_-0149.0_MQDQ-567.txt
MQDQ-635,epigrammata,Valerius Aeditus,-99,-125,-75,poetry,lat_-0099.0_MQDQ-635.txt
MQDQ-275,epigrammation apud Varronem,Papinius,-99,-100,-75,poetry,lat_-0099.0_MQDQ-275.txt
MQDQ-338,epigramma,Pompilius,-99,-125,-75,poetry,lat_-0099.0_MQDQ-338.txt
MQDQ-442,saturae fragmentum,Sevius Nicanus,-99,-125,-75,poetry,lat_-0099.0_MQDQ-442.txt
MQDQ-160,carminum fragmenta,Laeuius,-90,-100,-75,poetry,lat_-0049.0_MQDQ-160.txt
MQDQ-214,carminum fragmenta,Matius,-87,-100,-75,poetry,lat_-0049.0_MQDQ-214.txt
MQDQ-238,Atellanarum fragmenta,Nouius,-85,-100,-75,poetry,lat_-0049.0_MQDQ-238.txt
IT-LAT0127,Pro Caecina,"Cicero, Marcus Tullius",-69,-69,-69,prose,lat_0000_IT-LAT0127.txt
IT-LAT0922_11,Pro Fonteio,"Cicero, Marcus Tullius",-69,-69,-69,prose,lat_-0045_IT-LAT0922_11.txt
MQDQ-521,"saturae Menippeae, fragmenta","Varro, Marcus Terentius",-74,-81,-67,poetry,lat_-0070_MQDQ-521.txt
IT-LAT0124,Pro Cluentio,"Cicero, Marcus Tullius",-66,-66,-66,prose,lat_-0065_IT-LAT0124.txt
IT-LAT0922_2,De imperio Cn. Pompei ad Quirites oratio,"Cicero, Marcus Tullius",-66,-66,-66,prose,lat_-0045_IT-LAT0922_2.txt
IT-LAT0922,Commentariolum petitionis,"Cicero, Quintus Tullius",-64,-64,-64,prose,lat_-0045_IT-LAT0922.txt
IT-LAT0992,Epistula ad Quintum Catulum,"Catilina, Lucius Sergius",-63,-63,-63,prose,lat_-0107_IT-LAT0992.txt
IT-LAT0125,Pro Rabirio,"Cicero, Marcus Tullius",-63,-63,-63,prose,lat_-0062_IT-LAT0125.txt
IT-LAT0126,De lege agraria,"Cicero, Marcus Tullius",-63,-63,-63,prose,lat_-0062_IT-LAT0126.txt
IT-LAT0922_5,In Catilinam,"Cicero, Marcus Tullius",-63,-63,-63,prose,lat_-0045_IT-LAT0922_5.txt
IT-LAT0922_10,Pro Murena,"Cicero, Marcus Tullius",-63,-63,-63,prose,lat_-0045_IT-LAT0922_10.txt
IT-LAT0095,Pro Sulla,"Cicero, Marcus Tullius",-62,-62,-62,prose,lat_-0061_IT-LAT0095.txt
IT-LAT0922_9,Pro Archia,"Cicero, Marcus Tullius",-62,-62,-62,prose,lat_-0045_IT-LAT0922_9.txt
IT-LAT0955,Prognostica Aratea,"Cicero, Marcus Tullius",-89,-89,-60,poetry,lat_-0044_IT-LAT0955.txt
IT-LAT0956,Phaenomena Aratea,"Cicero, Marcus Tullius",-89,-89,-60,poetry,lat_-0044_IT-LAT0956.txt
IT-LAT0218,De consulatu suo,"Cicero, Marcus Tullius",-60,-60,-60,poetry,lat_-0059_IT-LAT0218.txt
IT-LAT0128,Pro Flacco,"Cicero, Marcus Tullius",-59,-59,-59,prose,lat_-0058_IT-LAT0128.txt
IT-LAT0922_7,Post  reditum ad Quirites oratio,"Cicero, Marcus Tullius",-57,-57,-57,prose,lat_-0045_IT-LAT0922_7.txt
IT-LAT0922_8,Post reditum in senatu,"Cicero, Marcus Tullius",-57,-57,-57,prose,lat_-0045_IT-LAT0922_8.txt
IT-LAT0133,In Vatinium,"Cicero, Marcus Tullius",-56,-56,-56,prose,lat_-0055_IT-LAT0133.txt
IT-LAT0134,De provinciis consularibus,"Cicero, Marcus Tullius",-56,-56,-56,prose,lat_-0055_IT-LAT0134.txt
IT-LAT0135,Pro Balbo,"Cicero, Marcus Tullius",-56,-56,-56,prose,lat_-0055_IT-LAT0135.txt
IT-LAT0220,Pro Caelio,"Cicero, Marcus Tullius",-56,-56,-56,prose,lat_-0055_IT-LAT0220.txt
IT-LAT0922_1,De haruspicum responso,"Cicero, Marcus Tullius",-56,-56,-56,prose,lat_-0045_IT-LAT0922_1.txt
IT-LAT0922_13,Pro Sestio,"Cicero, Marcus Tullius",-56,-56,-56,prose,lat_-0045_IT-LAT0922_13.txt
MQDQ-174,de rerum natura,Lucretius,-75,-97,-55,poetry,lat_-0075_MQDQ-174.txt
IT-LAT0137,In L. Calpurnium Pisonem,"Cicero, Marcus Tullius",-55,-55,-55,prose,lat_-0054_IT-LAT0137.txt
IT-LAT0922_4,De oratore,"Cicero, Marcus Tullius",-55,-55,-55,prose,lat_-0045_IT-LAT0922_4.txt
MQDQ-6,carmina,Catullus,-69,-61,-54,poetry,lat_-0069_MQDQ-6.txt
MQDQ-7,carminum fragmenta,Catullus,-69,-61,-54,poetry,lat_-0069_MQDQ-7.txt
IT-LAT0922_12,Pro Scauro,"Cicero, Marcus Tullius",-54,-54,-54,prose,lat_-0045_IT-LAT0922_12.txt
IT-LAT0136,Pro Rabirio Postumo,"Cicero, Marcus Tullius",-53,-54,-53,prose,lat_-0053_IT-LAT0136.txt
IT-LAT0217,De partitione oratoria,"Cicero, Marcus Tullius",-53,-54,-52,prose,lat_-0045_IT-LAT0217.txt
IT-LAT0119,De re publica,"Cicero, Marcus Tullius",-53,-54,-52,prose,lat_-002_IT-LAT0119.txt
IT-LAT0096,Pro Milone,"Cicero, Marcus Tullius",-52,-52,-51,prose,lat_-0051_IT-LAT0096.txt
IT-LAT0257,De legibus,"Cicero, Marcus Tullius",-51,-52,-51,prose,lat_-0051_IT-LAT0257.txt
MQDQ-153,comoediarum fragmenta,Iuuentius,-100,-150,-50,poetry,lat_-0149.0_MQDQ-153.txt
MQDQ-64,de rerum natura fragmenta,Egnatius,-75,-100,-50,poetry,lat_-0049.0_MQDQ-64.txt
IT-LAT0384,L. Aurelii Hermiae elogium sepulcrale,[Auctor incertus],-65,-80,-50,poetry,lat_-0079_IT-LAT0384.txt
MQDQ-230,epitaphium,Naeuius,-220,-201,-47,poetry,lat_-0234_MQDQ-230.txt
MQDQ-328,epigramma,"Plautus, Titus Maccius",-180,-184,-47,poetry,lat_-0218_MQDQ-328.txt
MQDQ-272,*epigramma,Pacuuius,-90,-130,-47,poetry,lat_-0174_MQDQ-272.txt
MQDQ-633,carminum fragmenta,Licinius Caluus,-49,-82,-47,poetry,lat_-0049.0_MQDQ-633.txt
MQDQ-501,carminum fragmenta,Lucius Ticidas,-50,-100,-46,poetry,lat_-0045_MQDQ-501.txt
IT-LAT0254,Paradoxa Stoicorum,"Cicero, Marcus Tullius",-46,-46,-46,prose,lat_-0047_IT-LAT0254.txt
IT-LAT0047,Brutus,"Cicero, Marcus Tullius",-46,-46,-46,prose,lat_-0045_IT-LAT0047.txt
IT-LAT0138,Pro Marcello,"Cicero, Marcus Tullius",-46,-46,-46,prose,lat_-0045_IT-LAT0138.txt
IT-LAT0139,Pro Ligario,"Cicero, Marcus Tullius",-46,-46,-46,prose,lat_-0045_IT-LAT0139.txt
IT-LAT0922_3,De optimo genere oratorum,"Cicero, Marcus Tullius",-46,-46,-46,prose,lat_-0045_IT-LAT0922_3.txt
IT-LAT0922_6,Orator,"Cicero, Marcus Tullius",-46,-46,-46,prose,lat_-0045_IT-LAT0922_6.txt
IT-LAT0535,De bello civili,"Caesar, Caius Iulius",-45,-45,-45,prose,lat_-0051_IT-LAT0535.txt
IT-LAT0922_15,Tusculanae,"Cicero, Marcus Tullius",-45,-45,-45,prose,lat_-0045_IT-LAT0922_15.txt
IT-LAT0922_16,Academica,"Cicero, Marcus Tullius",-45,-45,-45,prose,lat_-0045_IT-LAT0922_16.txt
IT-LAT0140,Pro Deiotaro,"Cicero, Marcus Tullius",-45,-45,-45,prose,lat_-0044_IT-LAT0140.txt
IT-LAT0255,De finibus bonorum et malorum,"Cicero, Marcus Tullius",-45,-45,-45,prose,lat_-0044_IT-LAT0255.txt
IT-LAT0320,Timaeus,"Cicero, Marcus Tullius",-45,-45,-45,prose,lat_-0044_IT-LAT0320.txt
MQDQ-631,carminum fragmenta,"Caesar, Caius Iulius",-71,-100,-44,poetry,lat_-0071_MQDQ-631.txt
MQDQ-12,carminum fragmenta,Helvius Cinna,-49,-90,-44,poetry,lat_-0049.0_MQDQ-12.txt
IT-LAT0922_14,Topica,"Cicero, Marcus Tullius",-44,-44,-44,prose,lat_-0045_IT-LAT0922_14.txt
IT-LAT0102,De officiis,"Cicero, Marcus Tullius",-44,-44,-44,prose,lat_0000_IT-LAT0102.txt
IT-LAT0097,Laelius de amicitia,"Cicero, Marcus Tullius",-44,-44,-44,prose,lat_-0043_IT-LAT0097.txt
IT-LAT0098,Cato Maior de senectute,"Cicero, Marcus Tullius",-44,-45,-44,prose,lat_-0043_IT-LAT0098.txt
IT-LAT0101,De divinatione,"Cicero, Marcus Tullius",-44,-44,-44,prose,lat_-0043_IT-LAT0101.txt
IT-LAT0155,De fato,"Cicero, Marcus Tullius",-44,-44,-44,prose,lat_-0043_IT-LAT0155.txt
MQDQ-11,fragmenta poetica,"Cicero, Marcus Tullius",-73,-89,-43,poetry,lat_-0073_MQDQ-11.txt
MQDQ-156,mimorum fragmenta,Decimus Laberius,-73,-106,-43,poetry,lat_-0073_MQDQ-156.txt
IT-LAT0240,Commentarius de bello Alexandrino,"Hirtius, Aulus",-45,-47,-43,prose,lat_-0089_IT-LAT0240.txt
IT-LAT0075,Philippicae,"Cicero, Marcus Tullius",-43,-44,-43,prose,lat_0000_IT-LAT0075.txt
MQDQ-47,carminum fragmenta,Quintus Cornificius,-45,-75,-41,poetry,lat_-0040_MQDQ-47.txt
IT-LAT0029,Bellum Catilinae,"Sallustius Crispus, Caius",-42,-42,-41,prose,lat_-0049_IT-LAT0029.txt
MQDQ-386,mimorum fragmenta,Publilius Syrus,-60,-80,-40,poetry,lat_-0049.0_MQDQ-386.txt
MQDQ-387,sententiae,Publilius Syrus,-60,-80,-40,poetry,lat_-0049.0_MQDQ-387.txt
IT-LAT0241,De bello Africo,[Auctor incertus],-42,-44,-40,prose,lat_-0049_IT-LAT0241.txt
IT-LAT0242,De bello Hispaniensi,[Auctor incertus],-42,-44,-40,prose,lat_-0049_IT-LAT0242.txt
MQDQ-162,epigramma,Tullius Laurea,-42,-43,-40,poetry,lat_-0049.0_MQDQ-162.txt
IT-LAT0029_2,Bellum Iugurthinum,"Sallustius Crispus, Caius",-40,-40,-40,prose,lat_-0049_IT-LAT0029_2.txt
MQDQ-538,eclogae,Vergilius,-39,-42,-39,poetry,lat_-0043_MQDQ-538.txt
IT-LAT0056,De re rustica,"Varro, Marcus Terentius",-37,-37,-37,prose,lat_-0049_IT-LAT0056.txt
MQDQ-520,carminum fragmenta,Varro Atacinus,-49,-58,-35,poetry,lat_-0049.0_MQDQ-520.txt
IT-LAT0029_3,Historiae,"Sallustius Crispus, Caius",-37,-39,-34,prose,lat_-0049_IT-LAT0029_3.txt
MQDQ-137,"*ignoti uersus Hor. sat. 1, 10 praemissi",Pseudo-Horace,-35,-36,-34,poetry,lat_-0035_MQDQ-137.txt
MQDQ-132,saturae 1,Horatius,-35,-36,-34,poetry,lat_-0035_MQDQ-132.txt
MQDQ-88,epigramma de Crassitio,epigramma de Crassitio,-25,-39,-30,poetry,lat_-0049.0_MQDQ-88.txt
MQDQ-126,epodi,Horatius,-30,-30,-29,poetry,lat_-0035_MQDQ-126.txt
MQDQ-133,saturae 2,Horatius,-30,-30,-29,poetry,lat_-0035_MQDQ-133.txt
MQDQ-518,tragoediarum fragmenta,Varius,-29,-29,-29,poetry,lat_-0049.0_MQDQ-518.txt
MQDQ-539,georgicon,Vergilius,-29,-29,-29,poetry,lat_-0043_MQDQ-539.txt
MQDQ-522,carminum fragmenta,"Varro, Marcus Terentius",-70,-81,-27,poetry,lat_-0070_MQDQ-522.txt
MQDQ-274,"corpus Tibullianum 3, 7",panegyricus in Messallam,-29,-31,-27,poetry,lat_0050.0_MQDQ-274.txt
MQDQ-45,carminum fragmenta,Cornelius Gallus,-35,-45,-26,poetry,lat_-0025_MQDQ-45.txt
MQDQ-419,tragoediarum fragmenta,Santra,-49,-75,-25,poetry,lat_-0049.0_MQDQ-419.txt
MQDQ-568,carminis fragmentum,Volumnius,-49,-75,-25,poetry,lat_-0049.0_MQDQ-568.txt
IT-LAT0393,Fragmenta varia,Cornelius Nepos,-45,-65,-24,prose,lat_-0049_IT-LAT0393.txt
MQDQ-127,carmina 1,Horatius,-23,-23,-23,poetry,lat_-0035_MQDQ-127.txt
MQDQ-128,carmina 2,Horatius,-23,-23,-23,poetry,lat_-0035_MQDQ-128.txt
MQDQ-129,carmina 3,Horatius,-23,-23,-23,poetry,lat_-0035_MQDQ-129.txt
MQDQ-541,Aeneis,Vergilius,-24,-29,-19,poetry,lat_-0043_MQDQ-541.txt
MQDQ-495,elegiae 1,Tibullus,-23,-27,-19,poetry,lat_-0033_MQDQ-495.txt
MQDQ-496,elegiae 2,Tibullus,-23,-27,-19,poetry,lat_-0033_MQDQ-496.txt
MQDQ-497,*elegiae 3,Tibullus,-23,-27,-19,poetry,lat_-0033_MQDQ-497.txt
MQDQ-134,epistulae 1,Horatius,-20,-20,-19,poetry,lat_-0035_MQDQ-134.txt
MQDQ-542,*epitaphium,Vergilius,-19,-19,-19,poetry,lat_-0043_MQDQ-542.txt
MQDQ-131,carmen saeculare,Horatius,-17,-17,-17,poetry,lat_-0035_MQDQ-131.txt
MQDQ-245,amores 1,"Ovidius Naso, Publius",-25,-25,-16,poetry,lat_+0030_MQDQ-245.txt
MQDQ-246,amores 2,"Ovidius Naso, Publius",-25,-25,-16,poetry,lat_+0030_MQDQ-246.txt
MQDQ-184,carminum fragmenta,Aemilius Macer,-20,-100,-16,poetry,lat_-0015_MQDQ-184.txt
MQDQ-519,carminum fragmenta,Varius,-35,-43,-15,poetry,lat_-0049.0_MQDQ-519.txt
MQDQ-356,elegiae 1,Propertius,-28,-30,-15,poetry,lat_-0031_MQDQ-356.txt
MQDQ-357,elegiae 2,Propertius,-26,-30,-15,poetry,lat_-0031_MQDQ-357.txt
MQDQ-358,elegiae 3,Propertius,-23,-30,-15,poetry,lat_-0031_MQDQ-358.txt
MQDQ-359,elegiae 4,Propertius,-16,-30,-15,poetry,lat_-0031_MQDQ-359.txt
MQDQ-130,carmina 4,Horatius,-13,-14,-13,poetry,lat_-0035_MQDQ-130.txt
MQDQ-135,epistulae 2,Horatius,-12,-12,-8,poetry,lat_-0035_MQDQ-135.txt
MQDQ-136,ars poetica,Horatius,-10,-12,-8,poetry,lat_-0035_MQDQ-136.txt
MQDQ-186,carminum fragmenta,Maecenas,-10,-40,-8,poetry,lat_-007_MQDQ-186.txt
MQDQ-294,Atellanae fragmentum,Aprissius,-100,-200,-1,poetry,lat_-0199.0_MQDQ-294.txt
MQDQ-38,Atellanae fragmentum,comoediae incertorum,-99,-200,-1,poetry,lat_-0099.0_MQDQ-38.txt
MQDQ-36,palliatae fragmenta,comoediae incertorum,-99,-200,-1,poetry,lat_-0099.0_MQDQ-36.txt
MQDQ-37,togatae fragmentum,comoediae incertorum,-99,-200,-1,poetry,lat_-0099.0_MQDQ-37.txt
MQDQ-222,mimographi incerti,mimographi incerti,-99,-200,-1,poetry,lat_-0099.0_MQDQ-222.txt
MQDQ-505,fabulae incertae,tragici incerti,-99,-200,-1,poetry,lat_-0099.0_MQDQ-505.txt
MQDQ-504,fabulae,tragici incerti,-99,-200,-1,poetry,lat_-0099.0_MQDQ-504.txt
IT-LAT0849,Historica fragmenta,"Actorius Naso, Marcus",-49,-100,-1,prose,lat_-0049_IT-LAT0849.txt
MQDQ-626,carminum fragmenta,Furius Bibaculus,-49,-100,-1,poetry,lat_-0049.0_MQDQ-626.txt
MQDQ-106,carminum fragmenta,Gannius,-49,-100,-1,poetry,lat_-0049.0_MQDQ-106.txt
MQDQ-225,Atellanarum fragmenta,Mummius,-49,-100,-1,poetry,lat_-0049.0_MQDQ-225.txt
MQDQ-231,Cypriae Iliadis fragmenta,Naeuius iunior,-49,-100,-1,poetry,lat_-0049.0_MQDQ-231.txt
MQDQ-459,carminum fragmenta,Sueius,-49,-100,-1,poetry,lat_-0049.0_MQDQ-459.txt
MQDQ-509,comoediae fragmentum,Valerius,-49,-100,-1,poetry,lat_-0049.0_MQDQ-509.txt
MQDQ-390,epigramma,Pupius,-25,-50,-1,poetry,lat_-0049.0_MQDQ-390.txt
MQDQ-517,carminum fragmenta,Valgius Rufus,-25,-50,-1,poetry,lat_-0011_MQDQ-517.txt
MQDQ-265,"Medea, fragmentum","Ovidius Naso, Publius",-20,-25,-1,poetry,lat_+0030_MQDQ-265.txt
MQDQ-248,ars,"Ovidius Naso, Publius",-1,-1,1,poetry,lat_+0030_MQDQ-248.txt
IT-LAT0378,Epistula ad Gaium,"Augustus, Gaius Iulius Caesar Octavianus",1,1,1,prose,lat_001_IT-LAT0378.txt
MQDQ-247,medicamina faciei,"Ovidius Naso, Publius",1,-1,1,poetry,lat_+0030_MQDQ-247.txt
MQDQ-249,remedia amoris,"Ovidius Naso, Publius",1,1,2,poetry,lat_+0030_MQDQ-249.txt
MQDQ-331,carminis fragmentum,Asinius Pollio,-31,-76,4,poetry,lat_+0040_MQDQ-331.txt
MQDQ-57,carminum fragmenta,Domitius Marsus,-15,-34,4,poetry,lat_0050.0_MQDQ-57.txt
MQDQ-250,epistulae heroides,"Ovidius Naso, Publius",-12,-25,8,poetry,lat_+0030_MQDQ-250.txt
MQDQ-252,fasti,"Ovidius Naso, Publius",-8,1,8,poetry,lat_+0030_MQDQ-252.txt
MQDQ-251,metamorphoses,"Ovidius Naso, Publius",6,1,8,poetry,lat_+0030_MQDQ-251.txt
MQDQ-262,Ibis,"Ovidius Naso, Publius",11,10,11,poetry,lat_+0030_MQDQ-262.txt
MQDQ-253,tristia 1,"Ovidius Naso, Publius",10,9,12,poetry,lat_+0030_MQDQ-253.txt
MQDQ-254,tristia 2,"Ovidius Naso, Publius",10,9,12,poetry,lat_+0030_MQDQ-254.txt
MQDQ-255,tristia 3,"Ovidius Naso, Publius",10,9,12,poetry,lat_+0030_MQDQ-255.txt
MQDQ-256,tristia 4,"Ovidius Naso, Publius",10,9,12,poetry,lat_+0030_MQDQ-256.txt
MQDQ-257,tristia 5,"Ovidius Naso, Publius",10,9,12,poetry,lat_+0030_MQDQ-257.txt
MQDQ-258,ex Ponto 1,"Ovidius Naso, Publius",13,13,13,poetry,lat_+0030_MQDQ-258.txt
MQDQ-259,ex Ponto 2,"Ovidius Naso, Publius",13,13,13,poetry,lat_+0030_MQDQ-259.txt
MQDQ-260,ex Ponto 3,"Ovidius Naso, Publius",13,13,13,poetry,lat_+0030_MQDQ-260.txt
IT-LAT0029_4,Invectiva in Ciceronem,Pseudo-Sallust,-13,-40,14,prose,lat_-0049_IT-LAT0029_4.txt
IT-LAT0996,Res romanae,Cornelius Severus,-13,-40,14,poetry,lat_-0037_IT-LAT0996.txt
MQDQ-46,carminum fragmenta,Cornelius Seuerus,-13,-40,14,poetry,lat_-0049.0_MQDQ-46.txt
MQDQ-239,obtrectatores Vergilii,Numitorius,-13,-39,14,poetry,lat_0050.0_MQDQ-239.txt
MQDQ-385,carminis fragmentum,Arbonius Silo,-7,-27,14,poetry,lat_0050.0_MQDQ-385.txt
MQDQ-58,carminis fragmentum,Dorcatius,-7,-27,14,poetry,lat_0050.0_MQDQ-58.txt
MQDQ-112,tragoediarum fragmenta,Gracchus,-7,-27,14,poetry,lat_0050.0_MQDQ-112.txt
MQDQ-113,cynegeticon,Grattius,-7,-27,14,poetry,lat_0050.0_MQDQ-113.txt
MQDQ-391,de bello Aegiptiaco,Rabirius,-7,-27,14,poetry,lat_0050.0_MQDQ-391.txt
MQDQ-392,carminum fragmenta,Rabirius,-7,-27,14,poetry,lat_0050.0_MQDQ-392.txt
MQDQ-108,Aratea,Germanicus Caesar,9,4,14,poetry,lat_+0017_MQDQ-108.txt
MQDQ-109,Arateorum fragmenta,Germanicus Caesar,9,4,14,poetry,lat_+0017_MQDQ-109.txt
IT-LAT0278,Res gestae,"Augustus, Gaius Iulius Caesar Octavianus",14,14,14,prose,lat_0013_IT-LAT0278.txt
MQDQ-261,ex Ponto 4,"Ovidius Naso, Publius",16,16,16,poetry,lat_+0030_MQDQ-261.txt
IT-LAT0142,Ab Urbe condita,"Livius, Titus",-7,-31,17,prose,lat_-001_IT-LAT0142.txt
MQDQ-264,phaenomenon fragmenta,"Ovidius Naso, Publius",-3,-25,18,poetry,lat_+0030_MQDQ-264.txt
MQDQ-187,astronomica,Marcus Manilius,15,10,20,poetry,lat_+0050.0_MQDQ-187.txt
MQDQ-99,carminis fragmentum,Albinouanus Pedo,-1,-25,25,poetry,lat_-0049.0_MQDQ-99.txt
MQDQ-178,"corpus Tibullianum 3, 1-6",Lygdamus,1,-25,25,poetry,lat_0050.0_MQDQ-178.txt
IT-LAT0632,De figuris sententiarum et elocutionis,"Lupus, Publius Rutilius",12,1,25,prose,lat_0050_IT-LAT0632.txt
MQDQ-105,epigramma,Asinius Gallus,-7,-10,30,poetry,lat_-007_MQDQ-105.txt
IT-LAT0148,Historia Romana,"Velleius Paterculus, Caius",30,30,30,prose,lat_0029_IT-LAT0148.txt
IT-LAT0883,Factorum et dictorum memorabilium libri novem,Valerius Maximus,31,31,31,prose,lat_0030_IT-LAT0883.txt
MQDQ-269,carminis fragmentum,Sextus Paconianus,16,1,32,poetry,lat_+0050.0_MQDQ-269.txt
MQDQ-267,*consolatio ad Liuiam,Pseudo-Ovid,24,12,37,poetry,lat_+0030_MQDQ-267.txt
IT-LAT0382,De medicina,"Celsus, Cornelius Aulus",25,14,37,prose,lat_0030_IT-LAT0382.txt
MQDQ-104,carminis fragmentum,Gaetulicus,26,1,39,poetry,lat_0026_MQDQ-104.txt
IT-LAT0083,Consolatio ad Marciam,"Seneca, Lucius Annaeus",40,39,40,prose,lat_0040_IT-LAT0083.txt
IT-LAT0116,Consolatio ad Helviam matrem,"Seneca, Lucius Annaeus",42,42,42,prose,lat_0041_IT-LAT0116.txt
IT-LAT0112,Consolatio ad Polybium,"Seneca, Lucius Annaeus",43,41,44,prose,lat_0043_IT-LAT0112.txt
IT-LAT0266,De chorographia,"Mela, Pomponius",44,44,44,prose,lat_0050_IT-LAT0266.txt
MQDQ-224,carminum fragmenta,Iulius Montanus,12,-25,50,poetry,lat_0050.0_MQDQ-224.txt
MQDQ-303,"fabulae, appendix",Phaedrus,25,1,50,poetry,lat_0050.0_MQDQ-303.txt
MQDQ-298,fabulae 1,Phaedrus,25,1,50,poetry,lat_0050.0_MQDQ-298.txt
MQDQ-299,fabulae 2,Phaedrus,25,1,50,poetry,lat_0050.0_MQDQ-299.txt
MQDQ-300,fabulae 3,Phaedrus,25,1,50,poetry,lat_0050.0_MQDQ-300.txt
MQDQ-301,fabulae 4,Phaedrus,25,1,50,poetry,lat_0050.0_MQDQ-301.txt
MQDQ-302,fabulae 5,Phaedrus,25,1,50,poetry,lat_0050.0_MQDQ-302.txt
MQDQ-341,praetextae fragmentum,Pomponius Secundus,41,31,51,poetry,lat_0044_MQDQ-341.txt
MQDQ-340,tragoediarum fragmenta,Pomponius Secundus,41,31,51,poetry,lat_0044_MQDQ-340.txt
MQDQ-425,Hercules furens,"Seneca, Lucius Annaeus",53,41,54,poetry,lat_+0034_MQDQ-425.txt
IT-LAT0228,Apocolocyntosis Divi Claudii,"Seneca, Lucius Annaeus",54,54,54,prose,lat_0054_IT-LAT0228.txt
IT-LAT0045,De brevitate vitae,"Seneca, Lucius Annaeus",51,48,55,prose,lat_0049_IT-LAT0045.txt
IT-LAT0425,Commentarii,"Pedianus, Asconius",55,54,57,prose,lat_0050_IT-LAT0425.txt
IT-LAT0079,De vita beata,"Seneca, Lucius Annaeus",58,54,59,prose,lat_0058_IT-LAT0079.txt
IT-LAT0239,De arboribus,"Columella, Lucius Iunius Moderatus",45,30,60,prose,lat_0050_IT-LAT0239.txt
MQDQ-155,carminis fragmentum,Attius Labeo,43,25,62,poetry,lat_0050.0_MQDQ-155.txt
MQDQ-291,choliambi,Persius,56,50,62,poetry,lat_0048_MQDQ-291.txt
MQDQ-292,saturae,Persius,56,50,62,poetry,lat_0048_MQDQ-292.txt
IT-LAT0071,De tranquillitate animi,"Seneca, Lucius Annaeus",56,47,62,prose,lat_0062_IT-LAT0071.txt
IT-LAT0078,De otio,"Seneca, Lucius Annaeus",58,47,62,prose,lat_0062_IT-LAT0078.txt
IT-LAT0072,De constantia sapientis,"Seneca, Lucius Annaeus",54,47,64,prose,lat_0049_IT-LAT0072.txt
MQDQ-173,carminum fragmenta,Lucilius iunior,40,15,65,poetry,lat_0050.0_MQDQ-173.txt
MQDQ-430,Oedipus,"Seneca, Lucius Annaeus",50,41,65,poetry,lat_+0034_MQDQ-430.txt
MQDQ-429,Phaedra,"Seneca, Lucius Annaeus",50,41,65,poetry,lat_+0034_MQDQ-429.txt
MQDQ-428,Medea,"Seneca, Lucius Annaeus",53,41,65,poetry,lat_+0034_MQDQ-428.txt
IT-LAT0073,De providentia,"Seneca, Lucius Annaeus",53,41,65,prose,lat_0063_IT-LAT0073.txt
IT-LAT0109,Agamemnon,"Seneca, Lucius Annaeus",53,41,65,poetry,lat_0065_IT-LAT0109.txt
MQDQ-171,carminum fragmenta,Lucanus,58,55,65,poetry,lat_0052_MQDQ-171.txt
MQDQ-427,Phoenissae,"Seneca, Lucius Annaeus",60,41,65,poetry,lat_+0034_MQDQ-427.txt
MQDQ-426,Troades,"Seneca, Lucius Annaeus",60,41,65,poetry,lat_+0034_MQDQ-426.txt
IT-LAT0237,Ilias Latina,Baebius Italicus,60,54,65,poetry,lat_0065_IT-LAT0237.txt
MQDQ-29,"de re rustica, liber X","Columella, Lucius Iunius Moderatus",62,60,65,poetry,lat_0050.0_MQDQ-29.txt
MQDQ-170,Pharsalia,Lucanus,62,60,65,poetry,lat_0052_MQDQ-170.txt
MQDQ-432,Thyestes,"Seneca, Lucius Annaeus",62,41,65,poetry,lat_+0034_MQDQ-432.txt
MQDQ-435,carminum fragmenta,"Seneca, Lucius Annaeus",64,63,65,poetry,lat_+0034_MQDQ-435.txt
IT-LAT0230,Epistulae morales ad Lucilium,"Seneca, Lucius Annaeus",64,63,65,prose,lat_0062_IT-LAT0230.txt
MQDQ-297,fragmenta,Petronius,64,64,65,poetry,lat_0066_MQDQ-297.txt
MQDQ-295,satyricon,Petronius,64,64,65,poetry,lat_0066_MQDQ-295.txt
MQDQ-296,bellum ciuile,Petronius,65,65,65,poetry,lat_0066_MQDQ-296.txt
LC-10,Einsiedeln Eclogues,[Auctor incertus],61,54,68,poetry,lat_0050_LC-10.txt
MQDQ-632,eclogae,Calpurnius Siculus,61,54,68,poetry,lat_0050.0_MQDQ-632.txt
MQDQ-235,carminum fragmenta,Nero imperator,61,54,68,poetry,lat_0052_MQDQ-235.txt
MQDQ-508,carminum fragmenta,Vagellius,50,25,75,poetry,lat_0050.0_MQDQ-508.txt
MQDQ-263,*halieutica,Pseudo-Ovid,17,17,79,poetry,lat_+0030_MQDQ-263.txt
MQDQ-620,uersus metrici,Caesius Bassus,40,1,79,poetry,lat_0050.0_MQDQ-620.txt
MQDQ-194,de spectaculis,Martialis,80,80,80,poetry,lat_0071_MQDQ-194.txt
IT-LAT0588,Opuscula rerum rusticarum,"Frontinus, Sextus Iulius",74,64,84,prose,lat_0050_IT-LAT0588.txt
MQDQ-207,epigrammata 13,Martialis,84,83,85,poetry,lat_0071_MQDQ-207.txt
MQDQ-208,epigrammata 14,Martialis,84,83,85,poetry,lat_0071_MQDQ-208.txt
MQDQ-195,epigrammata 1,Martialis,85,84,86,poetry,lat_0071_MQDQ-195.txt
MQDQ-196,epigrammata 2,Martialis,86,86,87,poetry,lat_0071_MQDQ-196.txt
MQDQ-197,epigrammata 3,Martialis,87,87,87,poetry,lat_0071_MQDQ-197.txt
MQDQ-198,epigrammata 4,Martialis,88,88,88,poetry,lat_0071_MQDQ-198.txt
MQDQ-199,epigrammata 5,Martialis,89,89,89,poetry,lat_0071_MQDQ-199.txt
MQDQ-450,belli Germanici fragmentum,"Statius, Publius Papinius",86,83,90,poetry,lat_0070_MQDQ-450.txt
MQDQ-200,epigrammata 6,Martialis,90,90,91,poetry,lat_0071_MQDQ-200.txt
MQDQ-448,Thebais,"Statius, Publius Papinius",86,80,92,poetry,lat_0070_MQDQ-448.txt
MQDQ-201,epigrammata 7,Martialis,92,92,92,poetry,lat_0071_MQDQ-201.txt
MQDQ-202,epigrammata 8,Martialis,94,94,94,poetry,lat_0071_MQDQ-202.txt
MQDQ-203,epigrammata 9,Martialis,94,94,94,poetry,lat_0071_MQDQ-203.txt
MQDQ-204,epigrammata 10,Martialis,95,95,95,poetry,lat_0071_MQDQ-204.txt
IT-LAT0588_1,Strategemata,"Frontinus, Sextus Iulius",89,84,96,prose,lat_0050_IT-LAT0588_1.txt
MQDQ-421,tragoediae fragmentum,Scaeuus Memor,89,81,96,poetry,lat_0050.0_MQDQ-421.txt
MQDQ-506,saturarum fragmenta,Turnus,89,81,96,poetry,lat_0050.0_MQDQ-506.txt
IT-LAT0332,Institutio oratoria,"Quintilianus, Marcus Fabius",89,81,96,prose,lat_0091_IT-LAT0332.txt
IT-LAT0563,Silvae,"Statius, Publius Papinius",92,89,96,poetry,lat_0050_IT-LAT0563.txt
IT-LAT0563_1,Achilleida,"Statius, Publius Papinius",95,95,96,poetry,lat_0050_IT-LAT0563_1.txt
MQDQ-205,epigrammata 11,Martialis,96,96,96,poetry,lat_0071_MQDQ-205.txt
MQDQ-446,Punica,Silius Italicus,88,80,97,poetry,lat_0068_MQDQ-446.txt
MQDQ-473,carminis fragmentum,Sulpicia,88,78,98,poetry,lat_0050.0_MQDQ-473.txt
IT-LAT0588_2,De aquaeductu urbis Romae,"Frontinus, Sextus Iulius",98,98,98,prose,lat_0050_IT-LAT0588_2.txt
IT-LAT0534_1,De origine et situ Germanorum,"Tacitus, Publius (Gaius) Cornelius",98,98,98,prose,lat_0116_IT-LAT0534_1.txt
IT-LAT0534_2,De vita Iulii Agricolae,"Tacitus, Publius (Gaius) Cornelius",98,98,98,prose,lat_0116_IT-LAT0534_2.txt
LC-19,Ad Caesarem Senem de Re Publica Epistula,Pseudo-Sallust,-1,-34,100,prose,lat_-0049_LC-19.txt
IT-LAT0284,Appendix Vergiliana,[Auctor incertus],50,1,100,poetry,lat_-0049_IT-LAT0284.txt
MQDQ-163,laus Pisonis,[Auctor incertus],50,1,100,poetry,lat_0050.0_MQDQ-163.txt
MQDQ-434,*Octauia,"Seneca, Lucius Annaeus",84,68,100,poetry,lat_+0034_MQDQ-434.txt
MQDQ-510,Argonautica,Valerius Flaccus,87,75,100,poetry,lat_0050.0_MQDQ-510.txt
IT-LAT0111,Panegyricus Traiano,"Plinius Gaius, Cecilius Secundus",100,100,100,prose,lat_0100_IT-LAT0111.txt
MQDQ-206,epigrammata 12,Martialis,101,101,102,poetry,lat_0071_MQDQ-206.txt
MQDQ-556,carmen,Sentius Augurinus,105,105,105,poetry,lat_0100.0_MQDQ-556.txt
IT-LAT0342,Expositio et ratio omnium formarum,Balbus,96,86,106,prose,lat_0100_IT-LAT0342.txt
IT-LAT0534_3,Dialogus de oratoribus,"Tacitus, Publius (Gaius) Cornelius",104,102,107,prose,lat_0116_IT-LAT0534_3.txt
MQDQ-554,epigramma,Verginius Rufus,103,97,109,poetry,lat_0097_MQDQ-554.txt
IT-LAT0534_4,Historiae,"Tacitus, Publius (Gaius) Cornelius",104,100,109,prose,lat_0116_IT-LAT0534_4.txt
MQDQ-330,carmina epistulis inserta,"Plinius Gaius, Cecilius Secundus",104,96,112,poetry,lat_0086_MQDQ-330.txt
IT-LAT0345,De limitibus,Hyginus the Elder,108,100,117,prose,lat_0100_IT-LAT0345.txt
IT-LAT0346,De generibus controversiarum,Hyginus the Elder,108,100,117,prose,lat_0100_IT-LAT0346.txt
IT-LAT0349,De condicionibus agrorum,Hyginus the Elder,108,100,117,prose,lat_0100_IT-LAT0349.txt
IT-LAT0120,De grammaticis et rhetoribus,"Svetonius Tranquillus, Caius",111,105,117,prose,lat_0113_IT-LAT0120.txt
IT-LAT0720,De poetis,"Svetonius Tranquillus, Caius",111,105,117,prose,lat_0113_IT-LAT0720.txt
IT-LAT0325,Historiarum Alexandri Magni libri X,"Curtius Rufus, Quintus",62,1,125,prose,lat_0050_IT-LAT0325.txt
MQDQ-433,Hercules Oetaeus,"Seneca, Lucius Annaeus",82,41,125,poetry,lat_+0034_MQDQ-433.txt
IT-LAT0054,Vitae Caesarum,"Svetonius Tranquillus, Caius",118,111,125,prose,lat_0121_IT-LAT0054.txt
IT-LAT0534,Annales,"Tacitus, Publius (Gaius) Cornelius",120,110,125,prose,lat_0116_IT-LAT0534.txt
MQDQ-150,saturae,Iunius Iuuenalis,115,100,130,poetry,lat_0095_MQDQ-150.txt
IT-LAT0339,De condicionibus agrorum,"Flaccus, Siculus",118,98,138,prose,lat_0100_IT-LAT0339.txt
IT-LAT0340,De divisis et assignatis,"Flaccus, Siculus",118,98,138,prose,lat_0100_IT-LAT0340.txt
IT-LAT0341,De quaestoriis agris,"Flaccus, Siculus",118,98,138,prose,lat_0100_IT-LAT0341.txt
MQDQ-115,carminum fragmenta,Hadrianus imperator,124,110,138,poetry,lat_0107_MQDQ-115.txt
MQDQ-96,carmina (anth. Riese),Florus,127,117,138,poetry,lat_0100.0_MQDQ-96.txt
MQDQ-470,"Adelphoe, periocha",Sulpicius Apollinaris,125,100,150,poetry,lat_0150.0_MQDQ-470.txt
MQDQ-465,"Andria, periocha",Sulpicius Apollinaris,125,100,150,poetry,lat_0150.0_MQDQ-465.txt
MQDQ-471,*epigramma ap. Don. u. Verg.,Sulpicius Apollinaris,125,100,150,poetry,lat_0150.0_MQDQ-471.txt
MQDQ-467,"Eunuchus, periocha",Sulpicius Apollinaris,125,100,150,poetry,lat_0150.0_MQDQ-467.txt
MQDQ-466,"Hautontimorumenos, periocha",Sulpicius Apollinaris,125,100,150,poetry,lat_0150.0_MQDQ-466.txt
MQDQ-469,"Hecyra, periocha",Sulpicius Apollinaris,125,100,150,poetry,lat_0150.0_MQDQ-469.txt
MQDQ-472,hexasticha in Aeneidos libris,Sulpicius Apollinaris,125,100,150,poetry,lat_0150.0_MQDQ-472.txt
MQDQ-468,"Phormio, periocha",Sulpicius Apollinaris,125,100,150,poetry,lat_0150.0_MQDQ-468.txt
MQDQ-223,carminum fragmenta,Annianus,130,110,160,poetry,lat_0150.0_MQDQ-223.txt
MQDQ-336,*fragmentum poeticum flor. c. 7 insertum,"Apuleius, Lucius",165,160,170,poetry,lat_0147_MQDQ-336.txt
IT-LAT0407,Quaestiones,"Caecilius Africanus, Sextus",150,125,175,prose,lat_0150_IT-LAT0407.txt
MQDQ-213,fragmentum,Marullus,170,161,180,poetry,lat_0050.0_MQDQ-213.txt
IT-LAT0044,Acta martyrum scillitanorum,[Auctor incertus],180,180,180,prose,lat_0180_IT-LAT0044.txt
MQDQ-335,carminum fragmenta,"Apuleius, Lucius",170,150,190,poetry,lat_0147_MQDQ-335.txt
IT-LAT0043,Metamorphoses,"Apuleius, Lucius",170,150,190,prose,lat_0158_IT-LAT0043.txt
IT-LAT0360,Noctes Atticae,"Gellius, Aulus",175,160,190,prose,lat_0150_IT-LAT0360.txt
IT-LAT0062,Ad martyres,"Tertullianus, Quintus Septimius Florens",197,196,197,prose,lat_0197_IT-LAT0062.txt
IT-LAT0246,Apologeticum,"Tertullianus, Quintus Septimius Florens",197,196,197,prose,lat_0197_IT-LAT0246.txt
IT-LAT0448,Ad nationes,"Tertullianus, Quintus Septimius Florens",197,196,197,prose,lat_0197_IT-LAT0448.txt
IT-LAT0737,Adversus Iudaeos,"Tertullianus, Quintus Septimius Florens",197,197,197,prose,lat_0198_IT-LAT0737.txt
IT-LAT0058,De spectaculis,"Tertullianus, Quintus Septimius Florens",197,196,197,prose,lat_0199_IT-LAT0058.txt
IT-LAT0248,De testimonio animae,"Tertullianus, Quintus Septimius Florens",198,197,198,prose,lat_0198_IT-LAT0248.txt
MQDQ-345,carmina Priapea,[Auctor incertus],87,-27,200,poetry,lat_0150.0_MQDQ-345.txt
IT-LAT0051,Fabulae,"Hyginus, Gaius Iulius",88,-25,200,prose,lat_0050_IT-LAT0051.txt
IT-LAT0355,De astronomia,"Hyginus, Gaius Iulius",88,-25,200,prose,lat_0050_IT-LAT0355.txt
IT-LAT0784,Declamationes,Calpurnius Flaccus,137,75,200,prose,lat_0100_IT-LAT0784.txt
IT-LAT0348,Constitutio limitum,Hyginus: Gromaticus,145,75,200,prose,lat_0100_IT-LAT0348.txt
MQDQ-436,*epigrammata,Pseudo-Seneca,150,100,200,poetry,lat_+0034_MQDQ-436.txt
MQDQ-394,Amphitruo,argumenta Plautina,150,100,200,poetry,lat_0050.0_MQDQ-394.txt
MQDQ-395,Asinaria,argumenta Plautina,150,100,200,poetry,lat_0050.0_MQDQ-395.txt
MQDQ-396,Aulularia,argumenta Plautina,150,100,200,poetry,lat_0050.0_MQDQ-396.txt
MQDQ-397,Captiui,argumenta Plautina,150,100,200,poetry,lat_0050.0_MQDQ-397.txt
MQDQ-398,Casina,argumenta Plautina,150,100,200,poetry,lat_0050.0_MQDQ-398.txt
MQDQ-399,Cistellaria,argumenta Plautina,150,100,200,poetry,lat_0050.0_MQDQ-399.txt
MQDQ-400,Curculio,argumenta Plautina,150,100,200,poetry,lat_0050.0_MQDQ-400.txt
MQDQ-401,Epidicus,argumenta Plautina,150,100,200,poetry,lat_0050.0_MQDQ-401.txt
MQDQ-402,Menaechmi,argumenta Plautina,150,100,200,poetry,lat_0050.0_MQDQ-402.txt
MQDQ-403,Mercator,argumenta Plautina,150,100,200,poetry,lat_0050.0_MQDQ-403.txt
MQDQ-404,Miles gloriosus,argumenta Plautina,150,100,200,poetry,lat_0050.0_MQDQ-404.txt
MQDQ-405,Mostellaria,argumenta Plautina,150,100,200,poetry,lat_0050.0_MQDQ-405.txt
MQDQ-408,Pseudolus,argumenta Plautina,150,100,200,poetry,lat_0050.0_MQDQ-408.txt
MQDQ-409,Rudens,argumenta Plautina,150,100,200,poetry,lat_0050.0_MQDQ-409.txt
MQDQ-410,Stichus,argumenta Plautina,150,100,200,poetry,lat_0050.0_MQDQ-410.txt
MQDQ-411,Trinummus,argumenta Plautina,150,100,200,poetry,lat_0050.0_MQDQ-411.txt
MQDQ-412,Truculentus,argumenta Plautina,150,100,200,poetry,lat_0050.0_MQDQ-412.txt
IT-LAT0934,Declamationes maiores,Pseudo-Quintilian,150,100,200,prose,lat_0067_IT-LAT0934.txt
IT-LAT0916,De verbis dubiis,"Caper, Flavius",150,100,200,prose,lat_0150_IT-LAT0916.txt
MQDQ-490,"*de orthographia, uersus inserti","Caper, Flavius",150,100,200,poetry,lat_0150.0_MQDQ-490.txt
MQDQ-240,incerti odarium,[Auctor incertus],175,150,200,poetry,lat_0150.0_MQDQ-240.txt
MQDQ-138,Medea tragoedia,Hosidius Gaetae,188,173,203,poetry,lat_0250.0_MQDQ-138.txt
IT-LAT0749,Ad uxorem libri duo,"Tertullianus, Quintus Septimius Florens",198,198,203,prose,lat_0198_IT-LAT0749.txt
IT-LAT0256,De Baptismo,"Tertullianus, Quintus Septimius Florens",200,198,203,prose,lat_0198_IT-LAT0256.txt
IT-LAT0350,De oratione,"Tertullianus, Quintus Septimius Florens",201,198,203,prose,lat_0205_IT-LAT0350.txt
IT-LAT0750,De cultu feminarum libri duo,"Tertullianus, Quintus Septimius Florens",201,196,206,prose,lat_0198_IT-LAT0750.txt
IT-LAT0606,De resurrectione carnis liber,"Tertullianus, Quintus Septimius Florens",206,206,207,prose,lat_0210_IT-LAT0606.txt
IT-LAT0733,Liber de corona militis,"Tertullianus, Quintus Septimius Florens",208,208,208,prose,lat_0210_IT-LAT0733.txt
IT-LAT0744,De exhortatione castitatis,"Tertullianus, Quintus Septimius Florens",208,208,209,prose,lat_0205_IT-LAT0744.txt
IT-LAT0736,De virginibus velandis,"Tertullianus, Quintus Septimius Florens",208,208,209,prose,lat_0213_IT-LAT0736.txt
IT-LAT0747,Liber de fuga in persecutione,"Tertullianus, Quintus Septimius Florens",208,208,209,prose,lat_0213_IT-LAT0747.txt
IT-LAT0755,Liber de monogamia,"Tertullianus, Quintus Septimius Florens",210,210,211,prose,lat_0213_IT-LAT0755.txt
IT-LAT0788,Adversus Praxean,"Tertullianus, Quintus Septimius Florens",210,210,211,prose,lat_0213_IT-LAT0788.txt
MQDQ-491,"*ignoti uersus ap. Tert. apol. 25, 8","Tertullianus, Quintus Septimius Florens",198,198,213,poetry,lat_0190_MQDQ-491.txt
IT-LAT0471,Passio Sanctarum Perpetuae et Felicitatis,[Auctor incertus],207,203,213,prose,lat_0200_IT-LAT0471.txt
IT-LAT0746,De anima liber,"Tertullianus, Quintus Septimius Florens",211,210,213,prose,lat_0210_IT-LAT0746.txt
IT-LAT0347,De munitionibus castrorum,Pseudo-Hyginus,165,98,225,prose,lat_0100_IT-LAT0347.txt
LC-1,De natura animalium,"Aelianus, Claudius",199,180,238,prose,lat_0200_LC-1.txt
MQDQ-152,carminum fragmenta,Alfius Auitus,200,150,250,poetry,lat_0100.0_MQDQ-152.txt
IT-LAT0201,Epitome Historiarum Philippicarum Pompei Trogi,"Iustinus Iunianus, Marcus",200,150,250,prose,lat_0250_IT-LAT0201.txt
IT-LAT0267,Octavius,"Minucius Felix, Marcus",205,160,250,prose,lat_0150_IT-LAT0267.txt
IT-LAT0865,De Trinitate,Novatianus,240,230,250,prose,lat_0250_IT-LAT0865.txt
IT-LAT0059,De unitate ecclesiae,Cyprianus Carthaginensis,251,251,251,prose,lat_0251_IT-LAT0059.txt
IT-LAT0893,Curae boum,"Gargilius Martialis, Quintus",230,200,260,prose,lat_0260_IT-LAT0893.txt
IT-LAT0895,Medicina ex oleribus et pomis,"Gargilius Martialis, Quintus",230,200,260,prose,lat_0260_IT-LAT0895.txt
IT-LAT0896,Vita Alexandri Severi,"Gargilius Martialis, Quintus",230,200,260,prose,lat_0260_IT-LAT0896.txt
MQDQ-439,carminum fragmenta,Septimius Serenus,225,175,275,poetry,lat_0100.0_MQDQ-439.txt
MQDQ-41,carmen de duobus populis,Commodianus,250,225,275,poetry,lat_0250.0_MQDQ-41.txt
MQDQ-39,instructiones 1,Commodianus,250,225,275,poetry,lat_0250.0_MQDQ-39.txt
MQDQ-40,instructiones 2,Commodianus,250,225,275,poetry,lat_0250.0_MQDQ-40.txt
IT-LAT0846,Acta,Acholius,250,220,280,prose,lat_0250_IT-LAT0846.txt
MQDQ-232,eclogae,Nemesianus,279,275,283,poetry,lat_0250.0_MQDQ-232.txt
MQDQ-233,cynegetica,Nemesianus,283,283,284,poetry,lat_0250.0_MQDQ-233.txt
MQDQ-377,distichorum appendix,pseudo Cato,225,150,300,poetry,lat_0300.0_MQDQ-377.txt
MQDQ-558,"de litteris, de syllabis, de metris",Terentianus Maurus,237,175,300,poetry,lat_0250.0_MQDQ-558.txt
IT-LAT0204,Disticha Catonis,[Auctor incertus],250,200,300,poetry,lat_0250_IT-LAT0204.txt
IT-LAT0913,Fragmentum de metriis,Censorinus,250,200,300,prose,lat_0250_IT-LAT0913.txt
IT-LAT0914,De musica fragmentum,Censorinus,250,200,300,prose,lat_0250_IT-LAT0914.txt
MQDQ-107,carminum fragmenta,Albinus,250,200,300,poetry,lat_0300.0_MQDQ-107.txt
IT-LAT0621,Sententiarum receptarum libri quinque,"Paulus, Julius",275,250,300,prose,lat_0250_IT-LAT0621.txt
MQDQ-234,de aucupio,Nemesianus,287,275,300,poetry,lat_0250.0_MQDQ-234.txt
IT-LAT0264,Adversus nationes,Arnobius,297,295,300,prose,lat_0300_IT-LAT0264.txt
MQDQ-157,de aue Phoenice,"Lactantius, Lucius Caecilius Firmianus",303,303,304,poetry,lat_0300.0_MQDQ-157.txt
MQDQ-289,carminum fragmenta,Paulus Quaestor,312,312,312,poetry,lat_0350.0_MQDQ-289.txt
MQDQ-158,e Graecis conuersa,"Lactantius, Lucius Caecilius Firmianus",308,303,313,poetry,lat_0300.0_MQDQ-158.txt
IT-LAT0268,De mortibus persecutorum,"Lactantius, Lucius Caecilius Firmianus",317,317,318,prose,lat_0318_IT-LAT0268.txt
MQDQ-1,laudes Domini,laudes Domini,321,317,324,poetry,lat_0321_MQDQ-1.txt
IT-LAT0665,De mirabilibus mundi,"Solinus, Caius Iulius",300,275,325,prose,lat_0250_IT-LAT0665.txt
MQDQ-499,carmina,Tiberianus,300,275,325,poetry,lat_0300.0_MQDQ-499.txt
MQDQ-500,carminum fragmenta,Tiberianus,300,275,325,poetry,lat_0300.0_MQDQ-500.txt
MQDQ-151,euangeliorum libri,Vettius Aquilinus Iuuencus,330,330,330,poetry,lat_0350.0_MQDQ-151.txt
MQDQ-241,carmina,Publilius Optatianus Porfyrius,321,306,337,poetry,lat_0300.0_MQDQ-241.txt
IT-LAT0886,Epistulae de iure civitatis Orcistenorum,Ablabius,331,326,337,prose,lat_0330_IT-LAT0886.txt
LC-11,Matheseos libri VIII,Iulius Firmicus Maternus,335,334,337,prose,lat_0350_LC-11.txt
MQDQ-166,epigramma,Ablabius,332,326,338,poetry,lat_0331_MQDQ-166.txt
MQDQ-540,*uersus Aeneidos libro primo praemissi,Pseudo-Virgil,174,19,350,poetry,lat_-0043_MQDQ-540.txt
MQDQ-580,filius ad patrem,"Ausonius, Decimus Magnus",342,334,350,poetry,lat_0352_MQDQ-580.txt
IT-LAT0233,Periegesis seu descriptio orbis terrarum,"Avienus, Rufius Festus",350,340,360,poetry,lat_0350_IT-LAT0233.txt
MQDQ-569,Aratea,"Avienus, Rufius Festus",350,340,360,poetry,lat_0350.0_MQDQ-569.txt
MQDQ-570,carmen ad Flauianum,"Avienus, Rufius Festus",350,340,360,poetry,lat_0350.0_MQDQ-570.txt
MQDQ-571,carmen ad Nortiam,"Avienus, Rufius Festus",350,340,360,poetry,lat_0350.0_MQDQ-571.txt
MQDQ-573,ora maritima,"Avienus, Rufius Festus",350,340,360,poetry,lat_0350.0_MQDQ-573.txt
MQDQ-350,cento Vergilianus,Faltonia Betitia Proba,360,360,360,poetry,lat_0350.0_MQDQ-350.txt
MQDQ-617,hymni,Marius Victorinus,360,356,362,poetry,lat_0362_MQDQ-617.txt
MQDQ-592,griphus ternarii numeri,"Ausonius, Decimus Magnus",368,368,368,poetry,lat_0352_MQDQ-592.txt
MQDQ-581,uersus Paschales,"Ausonius, Decimus Magnus",368,368,368,poetry,lat_0352_MQDQ-581.txt
MQDQ-595,cento nuptialis,"Ausonius, Decimus Magnus",368,368,369,poetry,lat_0352_MQDQ-595.txt
IT-LAT0115,Breviarium ab Urbe condita,Eutropius,369,369,370,prose,lat_0350_IT-LAT0115.txt
MQDQ-593,Mosella,"Ausonius, Decimus Magnus",371,371,371,poetry,lat_0352_MQDQ-593.txt
IT-LAT0574,De Bissula,"Ausonius, Decimus Magnus",371,371,372,poetry,lat_0385_IT-LAT0574.txt
IT-LAT0286,Testamentum porcelli,[Auctor incertus],350,325,375,prose,lat_0350_IT-LAT0286.txt
MQDQ-149,e Graecis conuersa,Iulius Valerius,356,337,375,poetry,lat_0338_MQDQ-149.txt
MQDQ-476,carmina epistulis inserta,Quintus Aurelius Symmachus,372,370,375,poetry,lat_0371_MQDQ-476.txt
MQDQ-477,Aradius Rufinus,Symmachus pater,375,375,375,poetry,lat_0376_MQDQ-477.txt
MQDQ-479,Anicius Iulianus,Symmachus pater,375,375,375,poetry,lat_0376_MQDQ-479.txt
MQDQ-480,Petronius Probianus,Symmachus pater,375,375,375,poetry,lat_0376_MQDQ-480.txt
MQDQ-478,Valerius Proculus,Symmachus pater,375,375,375,poetry,lat_0376_MQDQ-478.txt
MQDQ-481,Verinus,Symmachus pater,375,375,375,poetry,lat_0376_MQDQ-481.txt
IT-LAT0574_1,Epicedion in patrem,"Ausonius, Decimus Magnus",378,378,378,poetry,lat_0385_IT-LAT0574_1.txt
MQDQ-597,precationes variae,"Ausonius, Decimus Magnus",379,379,379,poetry,lat_0352_MQDQ-597.txt
IT-LAT0574_3,Gratiarum actio dicta Domino Gratiano Augusto,"Ausonius, Decimus Magnus",379,379,379,poetry,lat_0385_IT-LAT0574_3.txt
IT-LAT0574_7,Periocha Iliadis,Pseudo-Ausonius,355,330,380,poetry,lat_0385_IT-LAT0574_7.txt
IT-LAT0574_8,Periocha Odyssiae,Pseudo-Ausonius,355,330,380,poetry,lat_0385_IT-LAT0574_8.txt
MQDQ-579,ephemeris,"Ausonius, Decimus Magnus",374,368,380,poetry,lat_0352_MQDQ-579.txt
MQDQ-583,de herediolo,"Ausonius, Decimus Magnus",379,379,380,poetry,lat_0352_MQDQ-583.txt
IT-LAT0878,Vita Pauli,Hieronymus,376,372,381,prose,lat_0400_IT-LAT0878.txt
IT-LAT0574_6,Parentalia,"Ausonius, Decimus Magnus",380,379,382,poetry,lat_0385_IT-LAT0574_6.txt
MQDQ-599,Caesares,"Ausonius, Decimus Magnus",381,379,383,poetry,lat_0352_MQDQ-599.txt
MQDQ-596,Cupido cruciatus,"Ausonius, Decimus Magnus",381,380,383,poetry,lat_0352_MQDQ-596.txt
MQDQ-598,fasti,"Ausonius, Decimus Magnus",381,379,383,poetry,lat_0352_MQDQ-598.txt
IT-LAT0574_4,Liber protrepticus ad nepotem,"Ausonius, Decimus Magnus",381,379,383,poetry,lat_0385_IT-LAT0574_4.txt
MQDQ-56,epigrammata,Damasus,373,366,384,poetry,lat_0384_MQDQ-56.txt
IT-LAT0719,Itinerarium peregrinatio,Egeria,384,381,384,prose,lat_0350_IT-LAT0719.txt
MQDQ-588,commemoratio professorum,"Ausonius, Decimus Magnus",385,385,385,poetry,lat_0352_MQDQ-588.txt
MQDQ-589,epitaphia heroum,"Ausonius, Decimus Magnus",385,385,385,poetry,lat_0352_MQDQ-589.txt
IT-LAT0263,Epistula ad Marcellinam sororem,Ambrosius Mediolanensis,385,385,386,prose,lat_0350_IT-LAT0263.txt
IT-LAT0574_2,Genethliacum ad Ausonium nepotem,"Ausonius, Decimus Magnus",387,387,387,poetry,lat_0385_IT-LAT0574_2.txt
IT-LAT0061,De dialectica,Augustinus Hipponensis,387,387,387,prose,lat_0387_IT-LAT0061.txt
MQDQ-584,pater ad filium,"Ausonius, Decimus Magnus",385,383,388,poetry,lat_0352_MQDQ-584.txt
IT-LAT0574_5,Ordo urbium nobilium,"Ausonius, Decimus Magnus",388,388,389,poetry,lat_0385_IT-LAT0574_5.txt
MQDQ-591,eclogae,"Ausonius, Decimus Magnus",365,340,390,poetry,lat_0352_MQDQ-591.txt
MQDQ-601,technopaegnion,"Ausonius, Decimus Magnus",389,388,390,poetry,lat_0352_MQDQ-601.txt
IT-LAT0793,De magistro,Augustinus Hipponensis,389,388,390,prose,lat_0389_IT-LAT0793.txt
MQDQ-602,ludus septem sapientium,"Ausonius, Decimus Magnus",390,390,390,poetry,lat_0352_MQDQ-602.txt
IT-LAT0121,Rerum gestarum Libri,Ammianus Marcellinus,390,390,390,prose,lat_0362_IT-LAT0121.txt
IT-LAT0397,De fide et symbolo,Augustinus Hipponensis,393,393,393,prose,lat_0393_IT-LAT0397.txt
MQDQ-590,epigrammata,"Ausonius, Decimus Magnus",364,334,394,poetry,lat_0352_MQDQ-590.txt
MQDQ-603,epistulae,"Ausonius, Decimus Magnus",364,334,394,poetry,lat_0352_MQDQ-603.txt
MQDQ-578,praefationes,"Ausonius, Decimus Magnus",386,379,394,poetry,lat_0352_MQDQ-578.txt
MQDQ-512,psalmus contra partem Donati,Augustinus Hipponensis,393,393,394,poetry,lat_0392_MQDQ-512.txt
MQDQ-609,de mortibus boum,Severus Endelechius,391,387,395,poetry,lat_0350.0_MQDQ-609.txt
LC-9,Panegyricus Probino et Olybrio Consulibus,"Claudianus, Claudius",394,394,395,poetry,lat_0350_LC-9.txt
MQDQ-16,panegyricus dictus Honorio tertium consuli,"Claudianus, Claudius",395,395,395,poetry,lat_0400.0_MQDQ-16.txt
MQDQ-165,carmen ad Augustinum,Licentius,395,395,395,poetry,lat_0400.0_MQDQ-165.txt
MQDQ-281,carmen epist. 8 insertum,Paulinus Nolanus,396,396,396,poetry,lat_0392_MQDQ-281.txt
IT-LAT0410,Vita Sancti Martini episcopi et confessoris,"Severus, Sulpicius",396,396,396,prose,lat_0403_IT-LAT0410.txt
MQDQ-179,e Graecis conuersa,Ambrosius Mediolanensis,385,374,397,poetry,lat_0368_MQDQ-179.txt
MQDQ-180,hymni,Ambrosius Mediolanensis,385,374,397,poetry,lat_0368_MQDQ-180.txt
IT-LAT0847,De Mysteriis,Ambrosius Mediolanensis,385,374,397,prose,lat_0391_IT-LAT0847.txt
IT-LAT0843,Contra Ioannem Hierosolymitanum Episcopum ad Pammachium,Hieronymus,396,396,397,prose,lat_0400_IT-LAT0843.txt
MQDQ-27,de raptu Proserpinae,"Claudianus, Claudius",396,395,397,poetry,lat_0400.0_MQDQ-27.txt
MQDQ-15,in Rufinum,"Claudianus, Claudius",396,396,397,poetry,lat_0400.0_MQDQ-15.txt
MQDQ-17,panegyricus dictus Honorio quartum consuli,"Claudianus, Claudius",397,397,397,poetry,lat_0400.0_MQDQ-17.txt
IT-LAT0726,Vita Malchi monachi captivi,Hieronymus,395,392,398,prose,lat_0390_IT-LAT0726.txt
LC-8,Epithalamium de nuptiis Honorii et Mariae,"Claudianus, Claudius",397,397,398,poetry,lat_0350_LC-8.txt
IT-LAT0373,Fescennina dicta Honorio Augusto et Mariae,"Claudianus, Claudius",397,397,398,poetry,lat_0398_IT-LAT0373.txt
LC-4,De bello Gildonico,"Claudianus, Claudius",398,398,398,poetry,lat_0350_LC-4.txt
MQDQ-21,panegyricus dictus Mallio Theodoro consuli,"Claudianus, Claudius",398,398,398,poetry,lat_0400.0_MQDQ-21.txt
IT-LAT0403,De cathechizandis rudibus,Augustinus Hipponensis,399,399,399,prose,lat_0399_IT-LAT0403.txt
MQDQ-22,in Eutropium,"Claudianus, Claudius",399,399,399,poetry,lat_0400.0_MQDQ-22.txt
LC-3,Invectiva in Sallustium,Pseudo-Cicero,-1,-43,400,prose,lat_-0049_LC-3.txt
IT-LAT0337,De re coquinaria,"Apicius, Marcus Gavius",207,14,400,prose,lat_0420_IT-LAT0337.txt
IT-LAT0351,Liber memorialis,"Ampelius, Lucius",260,120,400,prose,lat_0300_IT-LAT0351.txt
MQDQ-440,liber medicinalis,Quintus Serenus,287,175,400,poetry,lat_0350.0_MQDQ-440.txt
MQDQ-290,carmina (anth. Riese),Pentadius,300,200,400,poetry,lat_0300.0_MQDQ-290.txt
MQDQ-563,iudicium coci et pistoris,Vespa,337,275,400,poetry,lat_0300.0_MQDQ-563.txt
MQDQ-449,*argumenta Thebaidos,Pseudo-Statius,350,300,400,poetry,lat_0070_MQDQ-449.txt
MQDQ-293,peruigilium Veneris,[Auctor incertus],350,300,400,poetry,lat_0150.0_MQDQ-293.txt
MQDQ-492,*carmen aduersus Marcionem,Pseudo-Tertullian,350,300,400,poetry,lat_0190_MQDQ-492.txt
IT-LAT0361,De barbarismo,"Donatus, Aelius",350,300,400,prose,lat_0350_IT-LAT0361.txt
IT-LAT0362,De schematibus,"Donatus, Aelius",350,300,400,prose,lat_0350_IT-LAT0362.txt
IT-LAT0364,De solecismo,"Donatus, Aelius",350,300,400,prose,lat_0350_IT-LAT0364.txt
IT-LAT0365,De tropis,"Donatus, Aelius",350,300,400,prose,lat_0350_IT-LAT0365.txt
IT-LAT0366,De ceteriis vitiis,"Donatus, Aelius",350,300,400,prose,lat_0350_IT-LAT0366.txt
IT-LAT0367,Commentarii Vergiliani,"Donatus, Aelius",350,300,400,prose,lat_0350_IT-LAT0367.txt
IT-LAT0850,De viris illustribus urbis Romae,Auctor incertus (Aurelius Victor?),350,300,400,prose,lat_0350_IT-LAT0850.txt
IT-LAT0329,De nominibus Epitome,"Paris, Iulius",350,300,400,prose,lat_0400_IT-LAT0329.txt
IT-LAT0238,Prodigiorum Liber,"Obsequens, Iulius",375,350,400,prose,lat_0350_IT-LAT0238.txt
MQDQ-114,Alcestis Barcinonensis,[Auctor incertus],375,350,400,poetry,lat_0450.0_MQDQ-114.txt
MQDQ-10,e Graecis conuersa,Chalcidius,385,370,400,poetry,lat_0350.0_MQDQ-10.txt
IT-LAT1004,Regula ad monachos,"Macarius Alexandrinus Abbas Nitriensis, Sanctus",387,375,400,prose,lat_0395_IT-LAT1004.txt
MQDQ-379,carmen ad quendam senatorem,pseudo Cyprianus,387,375,400,poetry,lat_0400.0_MQDQ-379.txt
IT-LAT0015,Confessiones,Augustinus Hipponensis,400,400,400,prose,lat_0399_IT-LAT0015.txt
MQDQ-26,carmina minora,"Claudianus, Claudius",400,400,400,poetry,lat_0400.0_MQDQ-26.txt
MQDQ-23,de consulatu Stilichonis,"Claudianus, Claudius",400,399,400,poetry,lat_0400.0_MQDQ-23.txt
LC-5,De bello Gothico,"Claudianus, Claudius",402,402,402,poetry,lat_0350_LC-5.txt
MQDQ-25,panegyricus dictus Honorio sextum consuli,"Claudianus, Claudius",403,403,403,poetry,lat_0400.0_MQDQ-25.txt
MQDQ-116,carminum fragmenta,Hieronymus,383,380,404,poetry,lat_0383_MQDQ-116.txt
MQDQ-28,epigramma,"Claudianus, Claudius",399,394,404,poetry,lat_0400.0_MQDQ-28.txt
IT-LAT0612,Chronica,"Severus, Sulpicius",404,404,404,prose,lat_0350_IT-LAT0612.txt
MQDQ-282,carmina epist. 32 inserta,Paulinus Nolanus,404,404,404,poetry,lat_0392_MQDQ-282.txt
MQDQ-368,apotheosis,"Prudentius, Aurelius Clemens",400,395,405,poetry,lat_0376_MQDQ-368.txt
MQDQ-367,cathemerinon,"Prudentius, Aurelius Clemens",400,395,405,poetry,lat_0376_MQDQ-367.txt
MQDQ-371,"contra Symmachum, praefationes","Prudentius, Aurelius Clemens",400,395,405,poetry,lat_0376_MQDQ-371.txt
MQDQ-374,dittochaeon,"Prudentius, Aurelius Clemens",400,395,405,poetry,lat_0376_MQDQ-374.txt
MQDQ-375,epilogus,"Prudentius, Aurelius Clemens",400,395,405,poetry,lat_0376_MQDQ-375.txt
MQDQ-369,hamartigenia,"Prudentius, Aurelius Clemens",400,395,405,poetry,lat_0376_MQDQ-369.txt
MQDQ-373,peristephanon,"Prudentius, Aurelius Clemens",400,395,405,poetry,lat_0376_MQDQ-373.txt
MQDQ-366,praefationes,"Prudentius, Aurelius Clemens",400,395,405,poetry,lat_0376_MQDQ-366.txt
MQDQ-372,contra Symmachum,"Prudentius, Aurelius Clemens",400,395,405,poetry,lat_0376_MQDQ-372.txt
IT-LAT0270,Psychomachia,"Prudentius, Aurelius Clemens",400,395,405,poetry,lat_0400_IT-LAT0270.txt
MQDQ-284,oratio,Paulinus Pellaeus,403,399,407,poetry,lat_0418_MQDQ-284.txt
MQDQ-280,carminum appendix,Paulinus Nolanus,395,383,408,poetry,lat_0392_MQDQ-280.txt
MQDQ-279,carmina,Paulinus Nolanus,395,383,408,poetry,lat_0392_MQDQ-279.txt
MQDQ-192,de medicamentis,Marcellus,408,408,408,poetry,lat_0350.0_MQDQ-192.txt
IT-LAT0001,Vulgata,Hieronymus,382,382,410,prose,lat_0382_IT-LAT0001.txt
MQDQ-278,epigramma,Paulinus Baeterrensis,405,400,410,poetry,lat_0450.0_MQDQ-278.txt
MQDQ-365,*carmen de prouidentia,Pseudo-Prosper,416,416,416,poetry,lat_0450.0_MQDQ-365.txt
MQDQ-418,fragmenta duo,Rutilius Namatianus,417,417,417,poetry,lat_0450.0_MQDQ-418.txt
MQDQ-417,de reditu suo,Rutilius Namatianus,417,417,417,poetry,lat_0450.0_MQDQ-417.txt
IT-LAT0880,Epistulae,Hieronymus,397,374,420,prose,lat_0400_IT-LAT0880.txt
MQDQ-87,epigrammata Bobiensia,epigrammata Bobiensia,400,375,425,poetry,lat_0300.0_MQDQ-87.txt
IT-LAT0353,Epistula ad Theodosium,"Avianus, Flavius",400,375,425,prose,lat_0350_IT-LAT0353.txt
MQDQ-562,fabulae,Auianus,400,375,425,poetry,lat_0450.0_MQDQ-562.txt
IT-LAT0333,De centum metris,"Servius, Marius Honoratus",412,400,425,prose,lat_0450_IT-LAT0333.txt
IT-LAT0334,De metris Horatii,"Servius, Marius Honoratus",412,400,425,prose,lat_0450_IT-LAT0334.txt
IT-LAT0336,Explanatio in artem Donati,"Servius, Marius Honoratus",412,400,425,prose,lat_0450_IT-LAT0336.txt
MQDQ-630,e Parmenide conuersa,Caelius Aurelianus,412,400,425,poetry,lat_0450.0_MQDQ-630.txt
MQDQ-52,deuteronomium,Cyprianus Gallus,412,400,425,poetry,lat_0450.0_MQDQ-52.txt
MQDQ-49,exodus,Cyprianus Gallus,412,400,425,poetry,lat_0450.0_MQDQ-49.txt
MQDQ-55,deperditorum carminum reliquiae,Cyprianus Gallus,412,400,425,poetry,lat_0450.0_MQDQ-55.txt
MQDQ-48,liber geneseos,Cyprianus Gallus,412,400,425,poetry,lat_0450.0_MQDQ-48.txt
MQDQ-53,Iesu Naue,Cyprianus Gallus,412,400,425,poetry,lat_0450.0_MQDQ-53.txt
MQDQ-54,iudicum,Cyprianus Gallus,412,400,425,poetry,lat_0450.0_MQDQ-54.txt
MQDQ-50,leuiticus,Cyprianus Gallus,412,400,425,poetry,lat_0450.0_MQDQ-50.txt
MQDQ-51,numeri,Cyprianus Gallus,412,400,425,poetry,lat_0450.0_MQDQ-51.txt
MQDQ-243,carmina minora,Orientius,412,400,425,poetry,lat_0450.0_MQDQ-243.txt
MQDQ-242,commonitorium,Orientius,412,400,425,poetry,lat_0450.0_MQDQ-242.txt
MQDQ-381,de Iona,pseudo Cyprianus,413,400,425,poetry,lat_0400.0_MQDQ-381.txt
MQDQ-380,de Sodoma,pseudo Cyprianus,413,400,425,poetry,lat_0400.0_MQDQ-380.txt
MQDQ-514,"*ignoti uersus ap. Aug. mus. 5, 13, 27",Augustinus Hipponensis,407,388,427,poetry,lat_0392_MQDQ-514.txt
IT-LAT0016,Regula,Augustinus Hipponensis,412,397,427,prose,lat_0391_IT-LAT0016.txt
MQDQ-516,uersus Sibyllae,Augustinus Hipponensis,419,412,427,poetry,lat_0392_MQDQ-516.txt
IT-LAT0768,A Firmo de civitate Dei,Augustinus Hipponensis,419,412,427,prose,lat_0419_IT-LAT0768.txt
IT-LAT0608,De laude eremi,Eucherius Arelas: Sanctus,426,426,427,prose,lat_0450_IT-LAT0608.txt
MQDQ-360,"carmen de ingratis, argumentum",Prosper Aquitanus,429,429,430,poetry,lat_0450.0_MQDQ-360.txt
MQDQ-361,carmen de ingratis,Prosper Aquitanus,429,429,430,poetry,lat_0450.0_MQDQ-361.txt
MQDQ-362,in obtrectatorem Augustini,Prosper Aquitanus,429,429,430,poetry,lat_0450.0_MQDQ-362.txt
MQDQ-189,alethia,Marius Victor,430,430,430,poetry,lat_0450.0_MQDQ-189.txt
MQDQ-422,carmen paschale,Sedulius,431,431,431,poetry,lat_0450.0_MQDQ-422.txt
MQDQ-364,epitaphium haereseon,Prosper Aquitanus,431,431,432,poetry,lat_0450.0_MQDQ-364.txt
IT-LAT0904,Adversus profanas omnium novitates haereticorum commonitorium cum notis,Vincentius Lerinensis,434,434,434,prose,lat_0450_IT-LAT0904.txt
IT-LAT0383,Contra haereticos (Codex Theodosianus),[Auctor incertus],438,438,438,prose,lat_0438_IT-LAT0383.txt
MQDQ-66,uersus de fide,Agrestius Gallus Episcopus,441,441,441,poetry,lat_0450.0_MQDQ-66.txt
MQDQ-220,panegyricus poeticus,Merobaudes,441,437,446,poetry,lat_0450.0_MQDQ-220.txt
MQDQ-121,carminis fragmentum,Hilarius Arelatensis,434,420,449,poetry,lat_0425_MQDQ-121.txt
LC-16,Saturnalia,Ambrosius Theodosius Macrobius,425,400,450,prose,lat_0450_LC-16.txt
MQDQ-185,carminis fragmentum,Ambrosius Theodosius Macrobius,425,400,450,poetry,lat_0450.0_MQDQ-185.txt
MQDQ-423,hymni,Sedulius,425,400,450,poetry,lat_0450.0_MQDQ-423.txt
IT-LAT0189,Epitoma rei militaris,"Vegetius Renatus, Flavius",429,408,450,prose,lat_0390_IT-LAT0189.txt
MQDQ-218,carmen de Christo,Merobaudes,440,430,450,poetry,lat_0450.0_MQDQ-218.txt
IT-LAT0610,Liber sententiarum,Prosper Aquitanus,450,450,450,prose,lat_0426_IT-LAT0610.txt
MQDQ-363,epigrammata,Prosper Aquitanus,450,450,450,poetry,lat_0450.0_MQDQ-363.txt
LC-16_1,Eucharisticon Deo sub ephemeridis meae textu,Paulinus Pellaeus,459,459,459,poetry,lat_0400_LC-16_1.txt
MQDQ-219,carmina,Merobaudes,450,439,460,poetry,lat_0450.0_MQDQ-219.txt
IT-LAT0776,Chronicon,Hydatius Lemicensis,438,408,468,prose,lat_0350_IT-LAT0776.txt
MQDQ-444,carmina,Sidonius Apollinaris,469,469,469,poetry,lat_0458_MQDQ-444.txt
MQDQ-285,de uita Martini,Paulinus Petricordiae,465,460,470,poetry,lat_0450.0_MQDQ-285.txt
IT-LAT0919,Opus agriculturae,"Palladius, Rutilius Taurus Aemilianus",450,425,475,prose,lat_0350_IT-LAT0919.txt
MQDQ-273,de insitione,Palladius Rutilius Taurus Aemilianus,450,425,475,poetry,lat_0450.0_MQDQ-273.txt
MQDQ-608,epistula ad Arbogastem,Auspicius Tullensis Episcopus,475,475,475,poetry,lat_0450.0_MQDQ-608.txt
MQDQ-125,"uita Hilarii Arelatensis, uersus inserti",Honoratus Massiliensis,480,480,480,poetry,lat_0450.0_MQDQ-125.txt
MQDQ-445,"epistulae, uersus inserti",Sidonius Apollinaris,475,469,482,poetry,lat_0458_MQDQ-445.txt
MQDQ-120,*de euangelio,Pseudo-Hilary,468,440,496,poetry,lat_0367_MQDQ-120.txt
MQDQ-118,*in genesin,Pseudo-Hilary,468,440,496,poetry,lat_0367_MQDQ-118.txt
MQDQ-59,de laudibus dei,Dracontius,493,490,496,poetry,lat_0450.0_MQDQ-59.txt
MQDQ-60,satisfactio,Dracontius,493,490,496,poetry,lat_0450.0_MQDQ-60.txt
IT-LAT0251,Epistulae Theodoricianae variae,Papa Gelasius I,494,492,496,prose,lat_0535_IT-LAT0251.txt
MQDQ-268,*argumenta Aeneidos,Pseudo-Ovid,30,18,500,poetry,lat_+0030_MQDQ-268.txt
MQDQ-343,precatio omnium herbarum,precatio omnium herbarum,257,15,500,poetry,lat_0250.0_MQDQ-343.txt
MQDQ-344,precatio Terrae matris,precatio Terrae matris,257,15,500,poetry,lat_0250.0_MQDQ-344.txt
MQDQ-305,"ars, praefatio",Phocas,350,200,500,poetry,lat_0450.0_MQDQ-305.txt
MQDQ-304,carmen de uita Vergilii,Phocas,350,200,500,poetry,lat_0450.0_MQDQ-304.txt
MQDQ-482,aenigmata,Symphosius,434,368,500,poetry,lat_0450.0_MQDQ-482.txt
MQDQ-414,de numeris oratorum,Rufinus,437,375,500,poetry,lat_0450.0_MQDQ-414.txt
MQDQ-413,in metra Terentiana,Rufinus,437,375,500,poetry,lat_0450.0_MQDQ-413.txt
MQDQ-123,in Caesares,uersus ex Historia Augusta,445,390,500,poetry,lat_0250.0_MQDQ-123.txt
LC-12,Helius (Historia Augusta),[Auctor incertus],445,390,500,prose,lat_0400_LC-12.txt
LC-12_1,Carus et Carinus et Numerianus (Historia Augusta),[Auctor incertus],445,390,500,prose,lat_0400_LC-12_1.txt
MQDQ-382,de pascha,pseudo Cyprianus,450,400,500,poetry,lat_0400.0_MQDQ-382.txt
MQDQ-441,"de ultimis syllabis, praefatio",pseudo Probus,450,400,500,poetry,lat_0400.0_MQDQ-441.txt
MQDQ-615,epigramma in ecclesia sancti Petri,Achilleus Spoletanus Episcopus,450,400,500,poetry,lat_0450.0_MQDQ-615.txt
MQDQ-2,aegritudo Perdicae,[Auctor incertus],450,400,500,poetry,lat_0450.0_MQDQ-2.txt
MQDQ-349,praeceptum,Priscillianista quidam,450,400,500,poetry,lat_0450.0_MQDQ-349.txt
MQDQ-287,uersus de orantibus,Paulinus Petricordiae,475,450,500,poetry,lat_0450.0_MQDQ-287.txt
MQDQ-286,de uisitatione nepotuli sui,Paulinus Petricordiae,475,450,500,poetry,lat_0450.0_MQDQ-286.txt
MQDQ-212,de nuptiis Philologiae et Mercurii,Martianus Capella,487,475,500,poetry,lat_0450.0_MQDQ-212.txt
MQDQ-98,carmen (anth. Riese),Florentinus,498,496,500,poetry,lat_0550.0_MQDQ-98.txt
MQDQ-383,de resurrectione mortuorum,pseudo Cyprianus,500,500,500,poetry,lat_0400.0_MQDQ-383.txt
MQDQ-277,carminum fragmenta,Parthenius Africanus Presbyter,500,500,500,poetry,lat_0500_MQDQ-277.txt
MQDQ-111,"carmen epist. 2, 19 insertum",Ruricius Lemovicensis Episcopus,488,470,507,poetry,lat_0473_MQDQ-111.txt
MQDQ-62,"Romulea, fragmentum",Dracontius,495,480,510,poetry,lat_0450.0_MQDQ-62.txt
MQDQ-63,Orestes,Dracontius,495,480,510,poetry,lat_0450.0_MQDQ-63.txt
MQDQ-61,Romulea,Dracontius,495,480,510,poetry,lat_0450.0_MQDQ-61.txt
MQDQ-75,carmina 1,Ennodius,521,497,513,poetry,lat_0521_MQDQ-75.txt
MQDQ-76,carmina 2,Ennodius,521,497,513,poetry,lat_0521_MQDQ-76.txt
MQDQ-83,"Castitas, opusc. 6",Ennodius,521,497,513,poetry,lat_0521_MQDQ-83.txt
MQDQ-77,"dictiones, 12, 24, 28, uersus inserti",Ennodius,521,497,513,poetry,lat_0521_MQDQ-77.txt
MQDQ-78,"epistulae, 5,7-8, uersus inserti",Ennodius,521,497,513,poetry,lat_0521_MQDQ-78.txt
MQDQ-79,"epistulae, 7,21-29, uersus inserti",Ennodius,521,497,513,poetry,lat_0521_MQDQ-79.txt
MQDQ-84,"Fides, opusc. 6",Ennodius,521,497,513,poetry,lat_0521_MQDQ-84.txt
MQDQ-85,"Grammatica, opusc. 6",Ennodius,521,497,513,poetry,lat_0521_MQDQ-85.txt
MQDQ-81,"laus uersuum, opusc. 6",Ennodius,521,497,513,poetry,lat_0521_MQDQ-81.txt
MQDQ-80,"opuscula, 6, uersus inserti",Ennodius,521,497,513,poetry,lat_0521_MQDQ-80.txt
MQDQ-86,"Rhetorica, opusc. 6",Ennodius,521,497,513,poetry,lat_0521_MQDQ-86.txt
MQDQ-82,"Verecundia, opusc. 6",Ennodius,521,497,513,poetry,lat_0521_MQDQ-82.txt
MQDQ-347,carmen in laudem Anastasii imperatoris,Priscianus,509,503,515,poetry,lat_0550.0_MQDQ-347.txt
MQDQ-623,carminum appendix,Alcimus Auitus,493,468,518,poetry,lat_0518_MQDQ-623.txt
MQDQ-622,poematum libri,Alcimus Auitus,493,468,518,poetry,lat_0518_MQDQ-622.txt
MQDQ-94,carmina (anth. Riese),Felix,508,496,523,poetry,lat_0550.0_MQDQ-94.txt
IT-LAT0917,Porphyrii Isagoge translatio,"Boethius, Anicius Manlius Severinus",509,494,524,prose,lat_0502_IT-LAT0917.txt
MQDQ-627,consolatio Philosophiae,"Boethius, Anicius Manlius Severinus",523,523,524,poetry,lat_0524_MQDQ-627.txt
MQDQ-393,de concubitu Martis et Veneris,Reposianus,312,100,525,poetry,lat_0300.0_MQDQ-393.txt
MQDQ-122,"historia Apollonii, uersus inserti",[Auctor incertus],500,475,525,poetry,lat_0550.0_MQDQ-122.txt
MQDQ-348,carminis fragmentum,Priscianus,500,475,525,poetry,lat_0550.0_MQDQ-348.txt
MQDQ-346,perihegesis,Priscianus,500,475,525,poetry,lat_0550.0_MQDQ-346.txt
MQDQ-415,de Christi beneficiis,Rusticius Helpidius,500,475,525,poetry,lat_0550.0_MQDQ-415.txt
MQDQ-416,tristicha,Rusticius Helpidius,500,475,525,poetry,lat_0550.0_MQDQ-416.txt
MQDQ-618,uersus de calice,Remigius Remensis Episcopus,503,473,533,poetry,lat_0533_MQDQ-618.txt
IT-LAT0987,De observatione ciborum,Anthimus,522,511,533,prose,lat_0550_IT-LAT0987.txt
IT-LAT0202,Institutiones,"Iustinianus, Caesar Flavius (Imperator Iustinianus)",533,533,533,prose,lat_0533_IT-LAT0202.txt
MQDQ-611,epitaphium Hilarini,Cytherius,481,429,534,poetry,lat_0450.0_MQDQ-611.txt
MQDQ-177,carmina (anth. Riese),Luxurius,516,500,534,poetry,lat_0550.0_MQDQ-177.txt
IT-LAT0791,Chronicon,Marcellinus Comes,527,520,534,prose,lat_0550_IT-LAT0791.txt
IT-LAT0867,Codex,"Iustinianus, Caesar Flavius (Imperator Iustinianus)",531,529,534,prose,lat_0531_IT-LAT0867.txt
IT-LAT0250,De Anima,"Cassiodorus, Flavius Magnus Aurelius",540,540,540,prose,lat_0540_IT-LAT0250.txt
MQDQ-353,de actibus apostolorum,Arator,544,544,544,poetry,lat_0550.0_MQDQ-353.txt
MQDQ-621,uersus in subscritione codicis Hegesippi,Cyprianus Tolonensis Episcopus,535,524,546,poetry,lat_0525_MQDQ-621.txt
MQDQ-183,disticha de uetere nouoque Testamento,Ambrosius Mediolanensis,462,374,550,poetry,lat_0368_MQDQ-183.txt
IT-LAT1001,Excerpta Valesiana,[Auctor incertus],470,390,550,prose,lat_0450_IT-LAT1001.txt
IT-LAT0252,Orationes,"Cassiodorus, Flavius Magnus Aurelius",525,500,550,prose,lat_0535_IT-LAT0252.txt
MQDQ-42,Iohannis,Corippus,548,548,550,poetry,lat_0550.0_MQDQ-42.txt
MQDQ-351,epistula ad Florianum,Arator,557,554,550,poetry,lat_0550.0_MQDQ-351.txt
MQDQ-354,alethia,Arator,557,554,550,poetry,lat_0550.0_MQDQ-354.txt
MQDQ-355,in historiam praefatio,Arator,557,554,550,poetry,lat_0550.0_MQDQ-355.txt
MQDQ-352,epistula ad Vigilium,Arator,557,554,550,poetry,lat_0550.0_MQDQ-352.txt
IT-LAT0196,De origine actibusque Getarum,Iordanes,551,551,551,prose,lat_0550_IT-LAT0196.txt
IT-LAT0906,De summa temporum vel origine actibusque gentis Romanorum,Iordanes,551,551,551,prose,lat_0550_IT-LAT0906.txt
IT-LAT0990_6,De Trina Mersione,Martinus Bracarensis,559,556,561,prose,lat_0550_IT-LAT0990_6.txt
MQDQ-537,de satisfactione paenitentiae,Verecundus Iuncensis Episcopus,527,502,552,poetry,lat_0552_MQDQ-537.txt
MQDQ-65,elogium Asbadi,[Auctor incertus],556,556,556,poetry,lat_0550.0_MQDQ-65.txt
MQDQ-209,uersus in basilica,Martinus Bracariensis,558,558,558,poetry,lat_0579_MQDQ-209.txt
MQDQ-210,uersus in refectorio,Martinus Bracariensis,558,558,558,poetry,lat_0579_MQDQ-210.txt
IT-LAT0482,Institutiones divinarum et saecularium litterarum,"Cassiodorus, Flavius Magnus Aurelius",546,530,560,prose,lat_0562_IT-LAT0482.txt
IT-LAT0990,"Concilium Bracarense primum octo episcoporum, habitum aera DXCIX, anno tertio Ariamiri regis, die Kalendarum Maiarum.",Martinus Bracarensis,561,561,561,prose,lat_0550_IT-LAT0990.txt
MQDQ-43,panegyricus in laudem Anastasii,Corippus,565,565,566,poetry,lat_0550.0_MQDQ-43.txt
MQDQ-44,panegyricus in laudem Iustini Augusti,Corippus,566,566,566,poetry,lat_0550.0_MQDQ-44.txt
IT-LAT0990_1,"Concilium Bracarense secundum duodecim episcoporum, habitum anno secundo regis Mironis, die Kalendarum Iuniarum, aera DCX.",Martinus Bracarensis,572,572,572,prose,lat_0550_IT-LAT0990_1.txt
IT-LAT0990_9,Capitula ex orientalium patrum synodis,Martinus Bracarensis,572,572,572,prose,lat_0550_IT-LAT0990_9.txt
IT-LAT0990_2,De correctione rusticorum,Martinus Bracarensis,572,572,573,prose,lat_0550_IT-LAT0990_2.txt
IT-LAT0011,S. Benedicti Regula,Benedictus Nursianus,550,525,575,prose,lat_0524_IT-LAT0011.txt
IT-LAT0990_3,De ira,Martinus Bracarensis,572,569,575,prose,lat_0550_IT-LAT0990_3.txt
MQDQ-523,uita Martini,Venantius Fortunatus,574,573,576,poetry,lat_0601_MQDQ-523.txt
MQDQ-524,carminum libri  1,Venantius Fortunatus,576,576,576,poetry,lat_0601_MQDQ-524.txt
MQDQ-525,carminum libri  2,Venantius Fortunatus,576,576,576,poetry,lat_0601_MQDQ-525.txt
MQDQ-526,carminum libri  3,Venantius Fortunatus,576,576,576,poetry,lat_0601_MQDQ-526.txt
MQDQ-527,carminum libri  4,Venantius Fortunatus,576,576,576,poetry,lat_0601_MQDQ-527.txt
MQDQ-528,carminum libri  5,Venantius Fortunatus,576,576,576,poetry,lat_0601_MQDQ-528.txt
MQDQ-529,carminum libri  6,Venantius Fortunatus,576,576,576,poetry,lat_0601_MQDQ-529.txt
MQDQ-530,carminum libri  7,Venantius Fortunatus,576,576,576,poetry,lat_0601_MQDQ-530.txt
IT-LAT0990_4,De Pascha,Martinus Bracarensis,576,576,577,prose,lat_0550_IT-LAT0990_4.txt
IT-LAT0990_5,De superbia,Martinus Bracarensis,564,550,579,prose,lat_0550_IT-LAT0990_5.txt
IT-LAT0433,Pro repellenda iactantia,Martinus Bracarensis,564,550,579,prose,lat_0550_IT-LAT0433.txt
IT-LAT0990_7,Exhortatio humilitatis,Martinus Bracarensis,564,550,579,prose,lat_0550_IT-LAT0990_7.txt
MQDQ-211,epitaphium,Martinus Bracariensis,564,550,579,poetry,lat_0579_MQDQ-211.txt
IT-LAT0435,Sententiae patrum Aegyptiorum,Martinus Bracarensis,567,556,579,prose,lat_0550_IT-LAT0435.txt
IT-LAT0990_8,"Formula vitae honestae, De quattuor virtutibus",Martinus Bracarensis,574,570,579,prose,lat_0550_IT-LAT0990_8.txt
MQDQ-531,carminum libri  8,Venantius Fortunatus,587,584,591,poetry,lat_0601_MQDQ-531.txt
MQDQ-532,carminum libri  9,Venantius Fortunatus,587,584,591,poetry,lat_0601_MQDQ-532.txt
IT-LAT0783,Historiae,Gregorius Turonensis,583,573,594,prose,lat_0550_IT-LAT0783.txt
MQDQ-619,hymni,Columba,567,537,597,poetry,lat_0559_MQDQ-619.txt
MQDQ-110,variae,[Auctor incertus],150,300,600,poetry,lat_0514_MQDQ-110.txt
MQDQ-119,*de martyrio Maccabaeorum,Pseudo-Hilary,487,375,600,poetry,lat_0367_MQDQ-119.txt
MQDQ-159,*de passione domini,Pseudo-Lactantius,550,500,600,poetry,lat_0300.0_MQDQ-159.txt
IT-LAT0978,Apophthegmata,Macarius Magnus: Sanctus,550,500,600,prose,lat_0350_IT-LAT0978.txt
MQDQ-182,*carmen de ternarii numeri excellentia,Pseudo-Ambrose,550,500,600,poetry,lat_0368_MQDQ-182.txt
MQDQ-216,elegiarum appendix,Maximianus,550,500,600,poetry,lat_0550.0_MQDQ-216.txt
MQDQ-215,elegiae,Maximianus,550,500,600,poetry,lat_0550.0_MQDQ-215.txt
MQDQ-95,hymnus,Flauius Cabilonensis Episcopus,587,575,600,poetry,lat_0550.0_MQDQ-95.txt
MQDQ-475,sylloge cod. Elnonensis,sylloge cod. Elnonensis,590,580,600,poetry,lat_0550.0_MQDQ-475.txt
MQDQ-191,in Euangelia,Severus Malacitanus,576,550,602,poetry,lat_0550.0_MQDQ-191.txt
MQDQ-188,epitaphium,Marius Auenticentis Episcopus,599,594,604,poetry,lat_0594_MQDQ-188.txt
MQDQ-535,carminum appendix,Venantius Fortunatus,587,570,605,poetry,lat_0601_MQDQ-535.txt
MQDQ-536,spuriorum appendix,Venantius Fortunatus,587,570,605,poetry,lat_0601_MQDQ-536.txt
MQDQ-533,carminum libri 10,Venantius Fortunatus,597,590,605,poetry,lat_0601_MQDQ-533.txt
MQDQ-534,carminum libri 11,Venantius Fortunatus,597,590,605,poetry,lat_0601_MQDQ-534.txt
