id,title,creator,date,type,file
MQDQ-288,carminum fragmenta,"Caecus, Appius Claudius",-290,poetry,lat_-0300_MQDQ-288.txt
IT-LAT1006,Praecepta,"Marcius Vates, Gnaeus",-229,prose,lat_-0229_IT-LAT1006.txt
MQDQ-237,elogium,[Auctor incertus],-225,poetry,lat_-0255_MQDQ-237.txt
MQDQ-168,comoediarum fragmenta,Liuius Andronicus,-225,poetry,lat_-0243_MQDQ-168.txt
MQDQ-169,*carminum fragmenta,Liuius Andronicus,-225,poetry,lat_-0243_MQDQ-169.txt
MQDQ-167,tragoediarum fragmenta,Liuius Andronicus,-225,poetry,lat_-0243_MQDQ-167.txt
MQDQ-228,comoediarum fragmenta,Naeuius,-220,poetry,lat_-0234_MQDQ-228.txt
MQDQ-230,epitaphium,Naeuius,-220,poetry,lat_-0234_MQDQ-230.txt
MQDQ-229,carminum fragmenta,Naeuius,-220,poetry,lat_-0234_MQDQ-229.txt
MQDQ-227,praetextarum fragmenta,Naeuius,-220,poetry,lat_-0234_MQDQ-227.txt
MQDQ-226,tragoediarum fragmenta,Naeuius,-220,poetry,lat_-0234_MQDQ-226.txt
MQDQ-74,comoediarum fragmenta,Ennius,-200,poetry,lat_-0203_MQDQ-74.txt
MQDQ-73,praetextarum fragmenta,Ennius,-200,poetry,lat_-0203_MQDQ-73.txt
MQDQ-70,saturarum fragmenta,Ennius,-200,poetry,lat_-0203_MQDQ-70.txt
MQDQ-72,tragoediarum fragmenta,Ennius,-200,poetry,lat_-0203_MQDQ-72.txt
MQDQ-71,fragmenta uaria,Ennius,-200,poetry,lat_-0203_MQDQ-71.txt
MQDQ-323,Stichus,"Plautus, Titus Maccius",-200,poetry,lat_-0218_MQDQ-323.txt
MQDQ-164,comoediae fragmentum,Licinius Imbrex,-200,poetry,lat_-0149.0_MQDQ-164.txt
MQDQ-306,Amphitruo,"Plautus, Titus Maccius",-195,poetry,lat_-0218_MQDQ-306.txt
MQDQ-307,Asinaria,"Plautus, Titus Maccius",-195,poetry,lat_-0218_MQDQ-307.txt
MQDQ-308,Aulularia,"Plautus, Titus Maccius",-195,poetry,lat_-0218_MQDQ-308.txt
MQDQ-309,Bacchides,"Plautus, Titus Maccius",-195,poetry,lat_-0218_MQDQ-309.txt
MQDQ-310,Captiui,"Plautus, Titus Maccius",-195,poetry,lat_-0218_MQDQ-310.txt
MQDQ-311,Casina,"Plautus, Titus Maccius",-195,poetry,lat_-0218_MQDQ-311.txt
MQDQ-312,Cistellaria,"Plautus, Titus Maccius",-195,poetry,lat_-0218_MQDQ-312.txt
MQDQ-313,Curculio,"Plautus, Titus Maccius",-195,poetry,lat_-0218_MQDQ-313.txt
MQDQ-314,Epidicus,"Plautus, Titus Maccius",-195,poetry,lat_-0218_MQDQ-314.txt
MQDQ-327,fragmenta,"Plautus, Titus Maccius",-195,poetry,lat_-0218_MQDQ-327.txt
MQDQ-315,Menaechmi,"Plautus, Titus Maccius",-195,poetry,lat_-0218_MQDQ-315.txt
MQDQ-316,Mercator,"Plautus, Titus Maccius",-195,poetry,lat_-0218_MQDQ-316.txt
MQDQ-317,Miles gloriosus,"Plautus, Titus Maccius",-195,poetry,lat_-0218_MQDQ-317.txt
MQDQ-318,Mostellaria,"Plautus, Titus Maccius",-195,poetry,lat_-0218_MQDQ-318.txt
MQDQ-319,Persa,"Plautus, Titus Maccius",-195,poetry,lat_-0218_MQDQ-319.txt
MQDQ-322,Rudens,"Plautus, Titus Maccius",-195,poetry,lat_-0218_MQDQ-322.txt
MQDQ-324,Trinummus,"Plautus, Titus Maccius",-195,poetry,lat_-0218_MQDQ-324.txt
MQDQ-325,Truculentus,"Plautus, Titus Maccius",-195,poetry,lat_-0218_MQDQ-325.txt
MQDQ-326,Vidularia,"Plautus, Titus Maccius",-195,poetry,lat_-0218_MQDQ-326.txt
IT-LAT0181,Poenulus,"Plautus, Titus Maccius",-195,poetry,lat_0000_IT-LAT0181.txt
MQDQ-321,Pseudolus,"Plautus, Titus Maccius",-191,poetry,lat_-0218_MQDQ-321.txt
IT-LAT0380,Decretum Hastense,"Aemilius Paulus, Lucius",-189,poetry,lat_-0199_IT-LAT0380.txt
IT-LAT0952,Senatus consultum de Bacchanalibus,[Auctor incertus],-186,prose,lat_-0185_IT-LAT0952.txt
MQDQ-67,annalium fragmenta,Ennius,-180,poetry,lat_-0203_MQDQ-67.txt
MQDQ-68,annalium fragmenta dubia,Ennius,-180,poetry,lat_-0203_MQDQ-68.txt
MQDQ-69,annalium fragmenta spuria,Ennius,-180,poetry,lat_-0203_MQDQ-69.txt
MQDQ-328,epigramma,"Plautus, Titus Maccius",-180,poetry,lat_-0218_MQDQ-328.txt
MQDQ-629,comoediarum fragmenta,Caecilius Statius,-179,poetry,lat_-0193_MQDQ-629.txt
IT-LAT0236,Orationes,"Cato Porcius, Marcus",-175,prose,lat_-0199_IT-LAT0236.txt
MQDQ-474,comoediarum fragmenta,Atilius,-175,poetry,lat_-0149.0_MQDQ-474.txt
MQDQ-503,palliatarum fragmenta,Trabea,-175,poetry,lat_-0149.0_MQDQ-503.txt
MQDQ-502,togatarum fragmenta,Titinius,-175,poetry,lat_-0149.0_MQDQ-502.txt
MQDQ-272,*epigramma,Pacuuius,-174,poetry,lat_-0174_MQDQ-272.txt
MQDQ-271,praetextarum fragmenta,Pacuuius,-174,poetry,lat_-0174_MQDQ-271.txt
MQDQ-270,tragoediarum fragmenta,Pacuuius,-174,poetry,lat_-0174_MQDQ-270.txt
MQDQ-484,Andria,Terentius,-166,poetry,lat_-0176_MQDQ-484.txt
MQDQ-485,"Andria, alter exitus",Terentius,-166,poetry,lat_-0176_MQDQ-485.txt
MQDQ-488,Hecyra,Terentius,-165,poetry,lat_-0176_MQDQ-488.txt
MQDQ-175,palliatae fragmentum,Luscius Lanuuinus,-165,poetry,lat_-0149.0_MQDQ-175.txt
IT-LAT0988,Boeotia,Aquilius,-164,poetry,lat_-0149_IT-LAT0988.txt
MQDQ-487,Hautontimorumenos,Terentius,-163,poetry,lat_-0176_MQDQ-487.txt
MQDQ-486,Eunuchus,Terentius,-161,poetry,lat_-0176_MQDQ-486.txt
MQDQ-489,Phormio,Terentius,-161,poetry,lat_-0176_MQDQ-489.txt
IT-LAT0405,De agricultura,"Cato Porcius, Marcus",-160,prose,lat_-0199_IT-LAT0405.txt
MQDQ-483,Adelphoe,Terentius,-160,poetry,lat_-0176_MQDQ-483.txt
MQDQ-153,comoediarum fragmenta,Iuuentius,-150,poetry,lat_-0149.0_MQDQ-153.txt
MQDQ-329,Ardeatis templi inscriptio,Marcus Plautius,-149,poetry,lat_-0149.0_MQDQ-329.txt
MQDQ-334,carminum fragmenta,Accius,-127,poetry,lat_-0127_MQDQ-334.txt
MQDQ-333,praetextarum fragmenta,Accius,-127,poetry,lat_-0127_MQDQ-333.txt
MQDQ-332,tragoediarum fragmenta,Accius,-127,poetry,lat_-0127_MQDQ-332.txt
MQDQ-507,palliatarum fragmenta,Sextus Turpilius,-125,poetry,lat_-0149.0_MQDQ-507.txt
MQDQ-13,comoediarum fragmenta,Lucius Afranius,-125,poetry,lat_-0149.0_MQDQ-13.txt
IT-LAT0372,Ad Gaium filium,Cornelia,-124,prose,lat_-0149_IT-LAT0372.txt
MQDQ-172,saturarum reliquiae,Gaius Lucilius,-115,poetry,lat_-0140_MQDQ-172.txt
MQDQ-139,belli Histrici fragmenta,Hostius,-112,poetry,lat_-0149.0_MQDQ-139.txt
MQDQ-342,epigrammata,Porcius Licinus,-110,poetry,lat_-0149.0_MQDQ-342.txt
MQDQ-511,carminum fragmenta,Valerius Soranus,-105,poetry,lat_-0105_MQDQ-511.txt
MQDQ-294,Atellanae fragmentum,Aprissius,-100,poetry,lat_-0199.0_MQDQ-294.txt
MQDQ-567,carminum fragmenta,Volcacius Sedigitus,-100,poetry,lat_-0149.0_MQDQ-567.txt
MQDQ-176,epigrammata,Lutatius Catulus,-100,poetry,lat_-0086_MQDQ-176.txt
MQDQ-458,tragoediarum fragmenta,Iulius Caesar Strabo,-100,poetry,lat_-0086_MQDQ-458.txt
MQDQ-635,epigrammata,Valerius Aeditus,-99,poetry,lat_-0099.0_MQDQ-635.txt
MQDQ-38,Atellanae fragmentum,comoediae incertorum,-99,poetry,lat_-0099.0_MQDQ-38.txt
MQDQ-36,palliatae fragmenta,comoediae incertorum,-99,poetry,lat_-0099.0_MQDQ-36.txt
MQDQ-37,togatae fragmentum,comoediae incertorum,-99,poetry,lat_-0099.0_MQDQ-37.txt
MQDQ-222,mimographi incerti,mimographi incerti,-99,poetry,lat_-0099.0_MQDQ-222.txt
MQDQ-275,epigrammation apud Varronem,Papinius,-99,poetry,lat_-0099.0_MQDQ-275.txt
MQDQ-338,epigramma,Pompilius,-99,poetry,lat_-0099.0_MQDQ-338.txt
MQDQ-337,tragoediae fragmentum,Pompilius,-99,poetry,lat_-0099.0_MQDQ-337.txt
MQDQ-442,saturae fragmentum,Sevius Nicanus,-99,poetry,lat_-0099.0_MQDQ-442.txt
MQDQ-505,fabulae incertae,tragici incerti,-99,poetry,lat_-0099.0_MQDQ-505.txt
MQDQ-504,fabulae,tragici incerti,-99,poetry,lat_-0099.0_MQDQ-504.txt
IT-LAT0370,Edictum adversus Latinos rhetores,[Auctor incertus],-92,prose,lat_-0091_IT-LAT0370.txt
MQDQ-160,carminum fragmenta,Laeuius,-90,poetry,lat_-0049.0_MQDQ-160.txt
MQDQ-339,Atellanarum fragmenta,Lucius Pomponius,-89,poetry,lat_-0049.0_MQDQ-339.txt
IT-LAT0955,Prognostica Aratea,"Cicero, Marcus Tullius",-89,poetry,lat_-0044_IT-LAT0955.txt
IT-LAT0956,Phaenomena Aratea,"Cicero, Marcus Tullius",-89,poetry,lat_-0044_IT-LAT0956.txt
MQDQ-238,Atellanarum fragmenta,Nouius,-85,poetry,lat_-0049.0_MQDQ-238.txt
IT-LAT0221,De inventione,"Cicero, Marcus Tullius",-84,prose,lat_-0084_IT-LAT0221.txt
IT-LAT0377,De ratione dicendi ad C. Herennium,[Auctor incertus],-84,prose,lat_-0049_IT-LAT0377.txt
IT-LAT0093,Pro Quinctio,"Cicero, Marcus Tullius",-81,prose,lat_-0080_IT-LAT0093.txt
IT-LAT0094,Pro Roscio Amerino,"Cicero, Marcus Tullius",-80,prose,lat_-0079_IT-LAT0094.txt
IT-LAT0384,L. Aurelii Hermiae elogium sepulcrale,[Auctor incertus],-80,poetry,lat_-0079_IT-LAT0384.txt
MQDQ-493,togatarum fragmenta,Atta,-80,poetry,lat_-0076_MQDQ-493.txt
MQDQ-494,carminis fragmentum,Atta,-80,poetry,lat_-0076_MQDQ-494.txt
IT-LAT0122,Pro Roscio Comoedo,"Cicero, Marcus Tullius",-76,prose,lat_-0075_IT-LAT0122.txt
MQDQ-174,de rerum natura,Lucretius,-75,poetry,lat_-0075_MQDQ-174.txt
MQDQ-64,de rerum natura fragmenta,Egnatius,-75,poetry,lat_-0049.0_MQDQ-64.txt
MQDQ-214,carminum fragmenta,Matius,-75,poetry,lat_-0049.0_MQDQ-214.txt
MQDQ-11,fragmenta poetica,"Cicero, Marcus Tullius",-73,poetry,lat_-0073_MQDQ-11.txt
MQDQ-156,mimorum fragmenta,Decimus Laberius,-73,poetry,lat_-0073_MQDQ-156.txt
MQDQ-631,carminum fragmenta,"Caesar, Caius Iulius",-71,poetry,lat_-0071_MQDQ-631.txt
MQDQ-522,carminum fragmenta,"Varro, Marcus Terentius",-70,poetry,lat_-0070_MQDQ-522.txt
MQDQ-521,"saturae Menippeae, fragmenta","Varro, Marcus Terentius",-70,poetry,lat_-0070_MQDQ-521.txt
MQDQ-6,carmina,Catullus,-69,poetry,lat_-0069_MQDQ-6.txt
MQDQ-7,carminum fragmenta,Catullus,-69,poetry,lat_-0069_MQDQ-7.txt
IT-LAT0127,Pro Caecina,"Cicero, Marcus Tullius",-69,prose,lat_0000_IT-LAT0127.txt
IT-LAT0922_11,Pro Fonteio,"Cicero, Marcus Tullius",-69,prose,lat_-0045_IT-LAT0922_11.txt
IT-LAT0124,Pro Cluentio,"Cicero, Marcus Tullius",-66,prose,lat_-0065_IT-LAT0124.txt
IT-LAT0922_2,De imperio Cn. Pompei ad Quirites oratio,"Cicero, Marcus Tullius",-66,prose,lat_-0045_IT-LAT0922_2.txt
MQDQ-388,"*sententiae, appendix",Publilius Syrus,-65,poetry,lat_-0049.0_MQDQ-388.txt
MQDQ-389,*sententiae Balbi,Publilius Syrus,-65,poetry,lat_-0049.0_MQDQ-389.txt
MQDQ-386,mimorum fragmenta,Publilius Syrus,-65,poetry,lat_-0049.0_MQDQ-386.txt
MQDQ-387,sententiae,Publilius Syrus,-65,poetry,lat_-0049.0_MQDQ-387.txt
IT-LAT0922,Commentariolum petitionis,"Cicero, Quintus Tullius",-64,prose,lat_-0045_IT-LAT0922.txt
IT-LAT0992,Epistula ad Quintum Catulum,"Catilina, Lucius Sergius",-63,prose,lat_-0107_IT-LAT0992.txt
IT-LAT0125,Pro Rabirio,"Cicero, Marcus Tullius",-63,prose,lat_-0062_IT-LAT0125.txt
IT-LAT0126,De lege agraria,"Cicero, Marcus Tullius",-63,prose,lat_-0062_IT-LAT0126.txt
IT-LAT0922_5,In Catilinam,"Cicero, Marcus Tullius",-63,prose,lat_-0045_IT-LAT0922_5.txt
IT-LAT0922_10,Pro Murena,"Cicero, Marcus Tullius",-63,prose,lat_-0045_IT-LAT0922_10.txt
IT-LAT0095,Pro Sulla,"Cicero, Marcus Tullius",-62,prose,lat_-0061_IT-LAT0095.txt
IT-LAT0922_9,Pro Archia,"Cicero, Marcus Tullius",-62,prose,lat_-0045_IT-LAT0922_9.txt
IT-LAT0218,De consulatu suo,"Cicero, Marcus Tullius",-59,poetry,lat_-0059_IT-LAT0218.txt
IT-LAT0128,Pro Flacco,"Cicero, Marcus Tullius",-59,prose,lat_-0058_IT-LAT0128.txt
IT-LAT0922_7,Post  reditum ad Quirites oratio,"Cicero, Marcus Tullius",-57,prose,lat_-0045_IT-LAT0922_7.txt
IT-LAT0922_8,Post reditum in senatu,"Cicero, Marcus Tullius",-57,prose,lat_-0045_IT-LAT0922_8.txt
IT-LAT0133,In Vatinium,"Cicero, Marcus Tullius",-56,prose,lat_-0055_IT-LAT0133.txt
IT-LAT0134,De provinciis consularibus,"Cicero, Marcus Tullius",-56,prose,lat_-0055_IT-LAT0134.txt
IT-LAT0135,Pro Balbo,"Cicero, Marcus Tullius",-56,prose,lat_-0055_IT-LAT0135.txt
IT-LAT0220,Pro Caelio,"Cicero, Marcus Tullius",-56,prose,lat_-0055_IT-LAT0220.txt
IT-LAT0922_1,De haruspicum responso,"Cicero, Marcus Tullius",-56,prose,lat_-0045_IT-LAT0922_1.txt
IT-LAT0922_13,Pro Sestio,"Cicero, Marcus Tullius",-56,prose,lat_-0045_IT-LAT0922_13.txt
IT-LAT0137,In L. Calpurnium Pisonem,"Cicero, Marcus Tullius",-55,prose,lat_-0054_IT-LAT0137.txt
IT-LAT0922_4,De oratore,"Cicero, Marcus Tullius",-55,prose,lat_-0045_IT-LAT0922_4.txt
IT-LAT0217,De partitione oratoria,"Cicero, Marcus Tullius",-54,prose,lat_-0045_IT-LAT0217.txt
IT-LAT0922_12,Pro Scauro,"Cicero, Marcus Tullius",-54,prose,lat_-0045_IT-LAT0922_12.txt
IT-LAT0136,Pro Rabirio Postumo,"Cicero, Marcus Tullius",-53,prose,lat_-0053_IT-LAT0136.txt
IT-LAT0119,De re publica,"Cicero, Marcus Tullius",-53,prose,lat_-002_IT-LAT0119.txt
IT-LAT0096,Pro Milone,"Cicero, Marcus Tullius",-52,prose,lat_-0051_IT-LAT0096.txt
IT-LAT0257,De legibus,"Cicero, Marcus Tullius",-51,prose,lat_-0051_IT-LAT0257.txt
MQDQ-501,carminum fragmenta,Lucius Ticidas,-50,poetry,lat_-0045_MQDQ-501.txt
IT-LAT0393,Fragmenta varia,"Nepos, Cornelius ",-49,prose,lat_-0049_IT-LAT0393.txt
IT-LAT0849,Historica fragmenta,"Actorius Naso, Marcus",-49,prose,lat_-0049_IT-LAT0849.txt
MQDQ-626,carminum fragmenta,Furius Bibaculus,-49,poetry,lat_-0049.0_MQDQ-626.txt
MQDQ-633,carminum fragmenta,Licinius Caluus,-49,poetry,lat_-0049.0_MQDQ-633.txt
MQDQ-12,carminum fragmenta,Helvius Cinna,-49,poetry,lat_-0049.0_MQDQ-12.txt
MQDQ-106,carminum fragmenta,Gannius,-49,poetry,lat_-0049.0_MQDQ-106.txt
MQDQ-225,Atellanarum fragmenta,Mummius,-49,poetry,lat_-0049.0_MQDQ-225.txt
MQDQ-231,Cypriae Iliadis fragmenta,Naeuius iunior,-49,poetry,lat_-0049.0_MQDQ-231.txt
MQDQ-419,tragoediarum fragmenta,Santra,-49,poetry,lat_-0049.0_MQDQ-419.txt
MQDQ-459,carminum fragmenta,Sueius,-49,poetry,lat_-0049.0_MQDQ-459.txt
MQDQ-509,comoediae fragmentum,Valerius,-49,poetry,lat_-0049.0_MQDQ-509.txt
MQDQ-520,carminum fragmenta,Varro Atacinus,-49,poetry,lat_-0049.0_MQDQ-520.txt
MQDQ-568,carminis fragmentum,Volumnius,-49,poetry,lat_-0049.0_MQDQ-568.txt
MQDQ-45,carminum fragmenta,Cornelius Gallus,-47,poetry,lat_-0025_MQDQ-45.txt
IT-LAT0254,Paradoxa Stoicorum,"Cicero, Marcus Tullius",-46,prose,lat_-0047_IT-LAT0254.txt
IT-LAT0047,Brutus,"Cicero, Marcus Tullius",-46,prose,lat_-0045_IT-LAT0047.txt
IT-LAT0138,Pro Marcello,"Cicero, Marcus Tullius",-46,prose,lat_-0045_IT-LAT0138.txt
IT-LAT0139,Pro Ligario,"Cicero, Marcus Tullius",-46,prose,lat_-0045_IT-LAT0139.txt
IT-LAT0922_3,De optimo genere oratorum,"Cicero, Marcus Tullius",-46,prose,lat_-0045_IT-LAT0922_3.txt
IT-LAT0922_6,Orator,"Cicero, Marcus Tullius",-46,prose,lat_-0045_IT-LAT0922_6.txt
IT-LAT0535,Omnia quae extant opera,"Caesar, Caius Iulius",-45,prose,lat_-0051_IT-LAT0535.txt
IT-LAT0240,Commentarius de bello Alexandrino,"Hirtius, Aulus",-45,prose,lat_-0089_IT-LAT0240.txt
IT-LAT0922_15,Tusculanae,"Cicero, Marcus Tullius",-45,prose,lat_-0045_IT-LAT0922_15.txt
IT-LAT0922_16,Academica,"Cicero, Marcus Tullius",-45,prose,lat_-0045_IT-LAT0922_16.txt
IT-LAT0140,Pro Deiotaro,"Cicero, Marcus Tullius",-45,prose,lat_-0044_IT-LAT0140.txt
IT-LAT0255,De finibus bonorum et malorum,"Cicero, Marcus Tullius",-45,prose,lat_-0044_IT-LAT0255.txt
IT-LAT0320,Timaeus,"Cicero, Marcus Tullius",-45,prose,lat_-0044_IT-LAT0320.txt
MQDQ-47,carminum fragmenta,Quintus Cornificius,-45,poetry,lat_-0040_MQDQ-47.txt
IT-LAT0922_14,Topica,"Cicero, Marcus Tullius",-44,prose,lat_-0045_IT-LAT0922_14.txt
IT-LAT0102,De officiis,"Cicero, Marcus Tullius",-44,prose,lat_0000_IT-LAT0102.txt
IT-LAT0097,Laelius de amicitia,"Cicero, Marcus Tullius",-44,prose,lat_-0043_IT-LAT0097.txt
IT-LAT0098,Cato Maior de senectute,"Cicero, Marcus Tullius",-44,prose,lat_-0043_IT-LAT0098.txt
IT-LAT0101,De divinatione,"Cicero, Marcus Tullius",-44,prose,lat_-0043_IT-LAT0101.txt
IT-LAT0155,De fato,"Cicero, Marcus Tullius",-44,prose,lat_-0043_IT-LAT0155.txt
IT-LAT0241,De bello Africo,[Auctor incertus],-43,prose,lat_-0049_IT-LAT0241.txt
IT-LAT0242,De bello Hispaniensi,[Auctor incertus],-43,prose,lat_-0049_IT-LAT0242.txt
IT-LAT0075,Philippicae,"Cicero, Marcus Tullius",-43,prose,lat_0000_IT-LAT0075.txt
MQDQ-162,epigramma,Tullius Laurea,-42,poetry,lat_-0049.0_MQDQ-162.txt
IT-LAT0029,Omnia quae extant opera,"Sallustius Crispus, Caius",-40,prose,lat_-0049_IT-LAT0029.txt
MQDQ-538,eclogae,Vergilius,-39,poetry,lat_-0043_MQDQ-538.txt
IT-LAT0056,De re rustica,"Varro, Marcus Terentius",-37,prose,lat_-0049_IT-LAT0056.txt
MQDQ-519,carminum fragmenta,Varius,-35,poetry,lat_-0049.0_MQDQ-519.txt
MQDQ-518,tragoediarum fragmenta,Varius,-35,poetry,lat_-0049.0_MQDQ-518.txt
MQDQ-137,"*ignoti uersus Hor. sat. 1, 10 praemissi",Pseudo-Horatius,-35,poetry,lat_-0035_MQDQ-137.txt
MQDQ-132,saturae 1,Horatius,-35,poetry,lat_-0035_MQDQ-132.txt
MQDQ-331,carminis fragmentum,Asinius Pollio,-31,poetry,lat_+0040_MQDQ-331.txt
MQDQ-126,epodi,Horatius,-30,poetry,lat_-0035_MQDQ-126.txt
MQDQ-133,saturae 2,Horatius,-30,poetry,lat_-0035_MQDQ-133.txt
MQDQ-539,georgicon,Vergilius,-29,poetry,lat_-0043_MQDQ-539.txt
MQDQ-356,elegiae 1,Propertius,-28,poetry,lat_-0031_MQDQ-356.txt
MQDQ-357,elegiae 2,Propertius,-26,poetry,lat_-0031_MQDQ-357.txt
MQDQ-390,epigramma,Pupius,-25,poetry,lat_-0049.0_MQDQ-390.txt
MQDQ-88,epigramma de Crassitio,epigramma de Crassitio,-25,poetry,lat_-0049.0_MQDQ-88.txt
MQDQ-245,amores 1,"Ovidius Naso, Publius",-25,poetry,lat_+0030_MQDQ-245.txt
MQDQ-246,amores 2,"Ovidius Naso, Publius",-25,poetry,lat_+0030_MQDQ-246.txt
MQDQ-541,Aeneis,Vergilius,-24,poetry,lat_-0043_MQDQ-541.txt
MQDQ-127,carmina 1,Horatius,-23,poetry,lat_-0035_MQDQ-127.txt
MQDQ-128,carmina 2,Horatius,-23,poetry,lat_-0035_MQDQ-128.txt
MQDQ-129,carmina 3,Horatius,-23,poetry,lat_-0035_MQDQ-129.txt
MQDQ-495,elegiae 1,Tibullus,-23,poetry,lat_-0033_MQDQ-495.txt
MQDQ-496,elegiae 2,Tibullus,-23,poetry,lat_-0033_MQDQ-496.txt
MQDQ-497,*elegiae 3,Tibullus,-23,poetry,lat_-0033_MQDQ-497.txt
MQDQ-358,elegiae 3,Propertius,-23,poetry,lat_-0031_MQDQ-358.txt
MQDQ-134,epistulae 1,Horatius,-20,poetry,lat_-0035_MQDQ-134.txt
MQDQ-184,carminum fragmenta,Aemilius Macer,-20,poetry,lat_-0015_MQDQ-184.txt
MQDQ-265,"Medea, fragmentum","Ovidius Naso, Publius",-20,poetry,lat_+0030_MQDQ-265.txt
MQDQ-542,*epitaphium,Vergilius,-19,poetry,lat_-0043_MQDQ-542.txt
IT-LAT0142,Ab Urbe condita,"Livius, Titus",-18,prose,lat_-001_IT-LAT0142.txt
MQDQ-131,carmen saeculare,Horatius,-17,poetry,lat_-0035_MQDQ-131.txt
MQDQ-359,elegiae 4,Propertius,-16,poetry,lat_-0031_MQDQ-359.txt
MQDQ-130,carmina 4,Horatius,-13,poetry,lat_-0035_MQDQ-130.txt
MQDQ-135,epistulae 2,Horatius,-12,poetry,lat_-0035_MQDQ-135.txt
MQDQ-250,epistulae heroides,"Ovidius Naso, Publius",-12,poetry,lat_+0030_MQDQ-250.txt
MQDQ-517,carminum fragmenta,Valgius Rufus,-11,poetry,lat_-0011_MQDQ-517.txt
MQDQ-136,ars poetica,Horatius,-10,poetry,lat_-0035_MQDQ-136.txt
MQDQ-186,carminum fragmenta,Maecenas,-10,poetry,lat_-007_MQDQ-186.txt
MQDQ-252,fasti,"Ovidius Naso, Publius",-8,poetry,lat_+0030_MQDQ-252.txt
MQDQ-105,epigramma,Asinius Gallus,-7,poetry,lat_-007_MQDQ-105.txt
MQDQ-264,phaenomenon fragmenta,"Ovidius Naso, Publius",-3,poetry,lat_+0030_MQDQ-264.txt
IT-LAT0996,Res romanae,Cornelius Severus,-1,poetry,lat_-0037_IT-LAT0996.txt
MQDQ-99,carminis fragmentum,Albinouanus Pedo,-1,poetry,lat_-0049.0_MQDQ-99.txt
MQDQ-46,carminum fragmenta,Cornelius Seuerus,-1,poetry,lat_-0049.0_MQDQ-46.txt
MQDQ-248,ars,"Ovidius Naso, Publius",-1,poetry,lat_+0030_MQDQ-248.txt
IT-LAT0378,Epistula ad Gaium,"Augustus, Gaius Iulius Caesar Octavianus",1,prose,lat_001_IT-LAT0378.txt
MQDQ-247,medicamina faciei,"Ovidius Naso, Publius",1,poetry,lat_+0030_MQDQ-247.txt
MQDQ-249,remedia amoris,"Ovidius Naso, Publius",1,poetry,lat_+0030_MQDQ-249.txt
MQDQ-108,Aratea,Germanicus Caesar,4,poetry,lat_+0017_MQDQ-108.txt
MQDQ-109,Arateorum fragmenta,Germanicus Caesar,4,poetry,lat_+0017_MQDQ-109.txt
MQDQ-251,metamorphoses,"Ovidius Naso, Publius",6,poetry,lat_+0030_MQDQ-251.txt
MQDQ-253,tristia 1,"Ovidius Naso, Publius",10,poetry,lat_+0030_MQDQ-253.txt
MQDQ-254,tristia 2,"Ovidius Naso, Publius",10,poetry,lat_+0030_MQDQ-254.txt
MQDQ-255,tristia 3,"Ovidius Naso, Publius",10,poetry,lat_+0030_MQDQ-255.txt
MQDQ-256,tristia 4,"Ovidius Naso, Publius",10,poetry,lat_+0030_MQDQ-256.txt
MQDQ-257,tristia 5,"Ovidius Naso, Publius",10,poetry,lat_+0030_MQDQ-257.txt
MQDQ-262,Ibis,"Ovidius Naso, Publius",11,poetry,lat_+0030_MQDQ-262.txt
MQDQ-258,ex Ponto 1,"Ovidius Naso, Publius",13,poetry,lat_+0030_MQDQ-258.txt
MQDQ-259,ex Ponto 2,"Ovidius Naso, Publius",13,poetry,lat_+0030_MQDQ-259.txt
MQDQ-260,ex Ponto 3,"Ovidius Naso, Publius",13,poetry,lat_+0030_MQDQ-260.txt
IT-LAT0278,Res gestae,"Augustus, Gaius Iulius Caesar Octavianus",14,prose,lat_0013_IT-LAT0278.txt
MQDQ-261,ex Ponto 4,"Ovidius Naso, Publius",16,poetry,lat_+0030_MQDQ-261.txt
MQDQ-263,halieutica,"Ovidius Naso, Publius",17,poetry,lat_+0030_MQDQ-263.txt
MQDQ-104,carminis fragmentum,Gaetulicus,26,poetry,lat_0026_MQDQ-104.txt
IT-LAT0148,Historia Romana,"Velleius Paterculus, Caius",30,prose,lat_0029_IT-LAT0148.txt
IT-LAT0382,De medicina,"Celsus, Cornelius Aulus",30,prose,lat_0030_IT-LAT0382.txt
MQDQ-268,*argumenta Aeneidos,Pseudo-Ovid,30,poetry,lat_+0030_MQDQ-268.txt
MQDQ-266,*nux,"Ovidius Naso, Publius",30,poetry,lat_+0030_MQDQ-266.txt
IT-LAT0883,Factorum et dictorum memorabilium libri novem,Valerius Maximus,31,prose,lat_0030_IT-LAT0883.txt
MQDQ-436,*epigrammata,"Seneca, Lucius Annaeus",34,poetry,lat_+0034_MQDQ-436.txt
MQDQ-435,carminum fragmenta,"Seneca, Lucius Annaeus",34,poetry,lat_+0034_MQDQ-435.txt
MQDQ-425,Hercules furens,"Seneca, Lucius Annaeus",34,poetry,lat_+0034_MQDQ-425.txt
MQDQ-433,Hercules Oetaeus,"Seneca, Lucius Annaeus",34,poetry,lat_+0034_MQDQ-433.txt
MQDQ-428,Medea,"Seneca, Lucius Annaeus",34,poetry,lat_+0034_MQDQ-428.txt
MQDQ-437,*liber de moribus,"Seneca, Lucius Annaeus",34,poetry,lat_+0034_MQDQ-437.txt
MQDQ-434,*Octauia,"Seneca, Lucius Annaeus",34,poetry,lat_+0034_MQDQ-434.txt
MQDQ-430,Oedipus,"Seneca, Lucius Annaeus",34,poetry,lat_+0034_MQDQ-430.txt
MQDQ-429,Phaedra,"Seneca, Lucius Annaeus",34,poetry,lat_+0034_MQDQ-429.txt
MQDQ-427,Phoenissae,"Seneca, Lucius Annaeus",34,poetry,lat_+0034_MQDQ-427.txt
MQDQ-438,*proverbia,"Seneca, Lucius Annaeus",34,poetry,lat_+0034_MQDQ-438.txt
MQDQ-432,Thyestes,"Seneca, Lucius Annaeus",34,poetry,lat_+0034_MQDQ-432.txt
MQDQ-426,Troades,"Seneca, Lucius Annaeus",34,poetry,lat_+0034_MQDQ-426.txt
IT-LAT0083,Consolatio ad Marciam,"Seneca, Lucius Annaeus",40,prose,lat_0040_IT-LAT0083.txt
IT-LAT0116,Consolatio ad Helviam matrem,"Seneca, Lucius Annaeus",41,prose,lat_0041_IT-LAT0116.txt
IT-LAT0112,Consolatio ad Polybium,"Seneca, Lucius Annaeus",43,prose,lat_0043_IT-LAT0112.txt
MQDQ-341,praetextae fragmentum,Pomponius Secundus,44,poetry,lat_0044_MQDQ-341.txt
MQDQ-340,tragoediarum fragmenta,Pomponius Secundus,44,poetry,lat_0044_MQDQ-340.txt
MQDQ-291,choliambi,Persius,48,poetry,lat_0048_MQDQ-291.txt
MQDQ-292,saturae,Persius,48,poetry,lat_0048_MQDQ-292.txt
IT-LAT0045,De brevitate vitae,"Seneca, Lucius Annaeus",49,prose,lat_0049_IT-LAT0045.txt
IT-LAT0072,De constantia sapientis,"Seneca, Lucius Annaeus",49,prose,lat_0049_IT-LAT0072.txt
MQDQ-267,*consolatio ad Liuiam,Pseudo-Ovid,50,poetry,lat_+0030_MQDQ-267.txt
IT-LAT0284,Appendix Vergiliana,[Auctor incertus],50,poetry,lat_-0049_IT-LAT0284.txt
IT-LAT0051,Fabulae,"Hyginus, Gaius Iulius",50,prose,lat_0050_IT-LAT0051.txt
IT-LAT0563,Silvae,"Statius, Publius Papinius",50,poetry,lat_0050_IT-LAT0563.txt
IT-LAT0588,Opuscula rerum rusticarum,"Frontinus, Sextus Iulius",50,prose,lat_0050_IT-LAT0588.txt
IT-LAT0588_1,Strategemata,"Frontinus, Sextus Iulius",50,prose,lat_0050_IT-LAT0588_1.txt
IT-LAT0239,De arboribus,"Columella, Lucius Iunius Moderatus",50,prose,lat_0050_IT-LAT0239.txt
IT-LAT0266,De chorographia,"Mela, Pomponius",50,prose,lat_0050_IT-LAT0266.txt
IT-LAT0325,Historiarum Alexandri Magni libri X,"Curtius Rufus, Quintus",50,prose,lat_0050_IT-LAT0325.txt
IT-LAT0355,De astronomia,"Hyginus, Gaius Iulius",50,prose,lat_0050_IT-LAT0355.txt
IT-LAT0425,Commentarii,"Pedianus, Asconius",50,prose,lat_0050_IT-LAT0425.txt
IT-LAT0563_1,Achilleida,"Statius, Publius Papinius",50,poetry,lat_0050_IT-LAT0563_1.txt
IT-LAT0588_2,De aquaeductu urbis Romae,"Frontinus, Sextus Iulius",50,prose,lat_0050_IT-LAT0588_2.txt
IT-LAT0632,De figuris sententiarum et elocutionis,"Lupus, Publius Rutilius",50,prose,lat_0050_IT-LAT0632.txt
MQDQ-385,carminis fragmentum,Arbonius Silo,50,poetry,lat_0050.0_MQDQ-385.txt
MQDQ-394,Amphitruo,argumenta Plautina,50,poetry,lat_0050.0_MQDQ-394.txt
MQDQ-395,Asinaria,argumenta Plautina,50,poetry,lat_0050.0_MQDQ-395.txt
MQDQ-396,Aulularia,argumenta Plautina,50,poetry,lat_0050.0_MQDQ-396.txt
MQDQ-397,Captiui,argumenta Plautina,50,poetry,lat_0050.0_MQDQ-397.txt
MQDQ-398,Casina,argumenta Plautina,50,poetry,lat_0050.0_MQDQ-398.txt
MQDQ-399,Cistellaria,argumenta Plautina,50,poetry,lat_0050.0_MQDQ-399.txt
MQDQ-400,Curculio,argumenta Plautina,50,poetry,lat_0050.0_MQDQ-400.txt
MQDQ-401,Epidicus,argumenta Plautina,50,poetry,lat_0050.0_MQDQ-401.txt
MQDQ-402,Menaechmi,argumenta Plautina,50,poetry,lat_0050.0_MQDQ-402.txt
MQDQ-403,Mercator,argumenta Plautina,50,poetry,lat_0050.0_MQDQ-403.txt
MQDQ-404,Miles gloriosus,argumenta Plautina,50,poetry,lat_0050.0_MQDQ-404.txt
MQDQ-405,Mostellaria,argumenta Plautina,50,poetry,lat_0050.0_MQDQ-405.txt
MQDQ-408,Pseudolus,argumenta Plautina,50,poetry,lat_0050.0_MQDQ-408.txt
MQDQ-409,Rudens,argumenta Plautina,50,poetry,lat_0050.0_MQDQ-409.txt
MQDQ-410,Stichus,argumenta Plautina,50,poetry,lat_0050.0_MQDQ-410.txt
MQDQ-411,Trinummus,argumenta Plautina,50,poetry,lat_0050.0_MQDQ-411.txt
MQDQ-412,Truculentus,argumenta Plautina,50,poetry,lat_0050.0_MQDQ-412.txt
MQDQ-155,carminis fragmentum,Attius Labeo,50,poetry,lat_0050.0_MQDQ-155.txt
MQDQ-620,uersus metrici,Caesius Bassus,50,poetry,lat_0050.0_MQDQ-620.txt
MQDQ-632,eclogae,Calpurnius Siculus,50,poetry,lat_0050.0_MQDQ-632.txt
MQDQ-29,"de re rustica, liber X","Columella, Lucius Iunius Moderatus",50,poetry,lat_0050.0_MQDQ-29.txt
MQDQ-57,carminum fragmenta,Domitius Marsus,50,poetry,lat_0050.0_MQDQ-57.txt
MQDQ-58,carminis fragmentum,Dorcatius,50,poetry,lat_0050.0_MQDQ-58.txt
MQDQ-112,tragoediarum fragmenta,Gracchus,50,poetry,lat_0050.0_MQDQ-112.txt
MQDQ-113,cynegeticon,Grattius,50,poetry,lat_0050.0_MQDQ-113.txt
MQDQ-163,laus Pisonis,laus Pisonis,50,poetry,lat_0050.0_MQDQ-163.txt
MQDQ-173,carminum fragmenta,Lucilius iunior,50,poetry,lat_0050.0_MQDQ-173.txt
MQDQ-178,"corpus Tibullianum 3, 1-6",Lygdamus,50,poetry,lat_0050.0_MQDQ-178.txt
MQDQ-187,astronomica,Marcus Manilius,50,poetry,lat_+0050.0_MQDQ-187.txt
MQDQ-213,fragmentum,Marullus,50,poetry,lat_0050.0_MQDQ-213.txt
MQDQ-224,carminum fragmenta,Iulius Montanus,50,poetry,lat_0050.0_MQDQ-224.txt
MQDQ-239,obtrectatores Vergilii,obtrectatores Vergilii,50,poetry,lat_0050.0_MQDQ-239.txt
MQDQ-269,carminis fragmentum,Sextus Paconianus,50,poetry,lat_+0050.0_MQDQ-269.txt
MQDQ-274,"corpus Tibullianum 3, 7",panegyricus in Messallam,50,poetry,lat_0050.0_MQDQ-274.txt
MQDQ-303,"fabulae, appendix",Phaedrus,50,poetry,lat_0050.0_MQDQ-303.txt
MQDQ-298,fabulae 1,Phaedrus,50,poetry,lat_0050.0_MQDQ-298.txt
MQDQ-299,fabulae 2,Phaedrus,50,poetry,lat_0050.0_MQDQ-299.txt
MQDQ-300,fabulae 3,Phaedrus,50,poetry,lat_0050.0_MQDQ-300.txt
MQDQ-301,fabulae 4,Phaedrus,50,poetry,lat_0050.0_MQDQ-301.txt
MQDQ-302,fabulae 5,Phaedrus,50,poetry,lat_0050.0_MQDQ-302.txt
MQDQ-391,de bello Aegiptiaco,Rabirius,50,poetry,lat_0050.0_MQDQ-391.txt
MQDQ-392,carminum fragmenta,Rabirius,50,poetry,lat_0050.0_MQDQ-392.txt
MQDQ-421,tragoediae fragmentum,Scaeuus Memor,50,poetry,lat_0050.0_MQDQ-421.txt
MQDQ-461,in Augustum,uersus e Suetonio,50,poetry,lat_+0050.0_MQDQ-461.txt
MQDQ-460,in Caesarem,uersus e Suetonio,50,poetry,lat_+0050.0_MQDQ-460.txt
MQDQ-463,in Caligulam,uersus e Suetonio,50,poetry,lat_+0050.0_MQDQ-463.txt
MQDQ-464,in Neronem,uersus e Suetonio,50,poetry,lat_+0050.0_MQDQ-464.txt
MQDQ-462,in Tiberium et Germanicum,uersus e Suetonio,50,poetry,lat_+0050.0_MQDQ-462.txt
MQDQ-473,carminis fragmentum,Sulpicia,50,poetry,lat_0050.0_MQDQ-473.txt
MQDQ-506,saturarum fragmenta,Turnus,50,poetry,lat_0050.0_MQDQ-506.txt
MQDQ-508,carminum fragmenta,Vagellius,50,poetry,lat_0050.0_MQDQ-508.txt
MQDQ-510,Argonautica,Valerius Flaccus,50,poetry,lat_0050.0_MQDQ-510.txt
MQDQ-171,carminum fragmenta,Lucanus,52,poetry,lat_0052_MQDQ-171.txt
MQDQ-170,Pharsalia,Lucanus,52,poetry,lat_0052_MQDQ-170.txt
MQDQ-235,carminum fragmenta,Nero imperator,52,poetry,lat_0052_MQDQ-235.txt
IT-LAT0228,Apocolocyntosis Divi Claudii,"Seneca, Lucius Annaeus",54,prose,lat_0054_IT-LAT0228.txt
IT-LAT0079,De vita beata,"Seneca, Lucius Annaeus",58,prose,lat_0058_IT-LAT0079.txt
IT-LAT0071,De tranquillitate animi,"Seneca, Lucius Annaeus",62,prose,lat_0062_IT-LAT0071.txt
IT-LAT0078,De otio,"Seneca, Lucius Annaeus",62,prose,lat_0062_IT-LAT0078.txt
IT-LAT0230,Epistulae morales ad Lucilium,"Seneca, Lucius Annaeus",62,prose,lat_0062_IT-LAT0230.txt
IT-LAT0073,De providentia,"Seneca, Lucius Annaeus",63,prose,lat_0063_IT-LAT0073.txt
IT-LAT0109,Agamemnon,"Seneca, Lucius Annaeus",65,poetry,lat_0065_IT-LAT0109.txt
IT-LAT0237,Ilias,[Auctor incertus],65,poetry,lat_0065_IT-LAT0237.txt
MQDQ-296,bellum ciuile,Petronius,66,poetry,lat_0066_MQDQ-296.txt
MQDQ-297,fragmenta,Petronius,66,poetry,lat_0066_MQDQ-297.txt
MQDQ-295,satyricon,Petronius,66,poetry,lat_0066_MQDQ-295.txt
IT-LAT0934,Declamationes maiores,"Quintilianus, Marcus Fabius",67,prose,lat_0067_IT-LAT0934.txt
MQDQ-446,Punica,Silius Italicus,68,poetry,lat_0068_MQDQ-446.txt
MQDQ-449,*argumenta Thebaidos,"Statius, Publius Papinius",70,poetry,lat_0070_MQDQ-449.txt
MQDQ-450,belli Germanici fragmentum,"Statius, Publius Papinius",70,poetry,lat_0070_MQDQ-450.txt
MQDQ-452,siluae 1,"Statius, Publius Papinius",70,poetry,lat_0070_MQDQ-452.txt
MQDQ-453,siluae 2,"Statius, Publius Papinius",70,poetry,lat_0070_MQDQ-453.txt
MQDQ-454,siluae 3,"Statius, Publius Papinius",70,poetry,lat_0070_MQDQ-454.txt
MQDQ-455,siluae 4,"Statius, Publius Papinius",70,poetry,lat_0070_MQDQ-455.txt
MQDQ-456,siluae 5,"Statius, Publius Papinius",70,poetry,lat_0070_MQDQ-456.txt
MQDQ-448,Thebais,"Statius, Publius Papinius",70,poetry,lat_0070_MQDQ-448.txt
MQDQ-195,epigrammata 1,Martialis,71,poetry,lat_0071_MQDQ-195.txt
MQDQ-196,epigrammata 2,Martialis,71,poetry,lat_0071_MQDQ-196.txt
MQDQ-197,epigrammata 3,Martialis,71,poetry,lat_0071_MQDQ-197.txt
MQDQ-198,epigrammata 4,Martialis,71,poetry,lat_0071_MQDQ-198.txt
MQDQ-199,epigrammata 5,Martialis,71,poetry,lat_0071_MQDQ-199.txt
MQDQ-200,epigrammata 6,Martialis,71,poetry,lat_0071_MQDQ-200.txt
MQDQ-201,epigrammata 7,Martialis,71,poetry,lat_0071_MQDQ-201.txt
MQDQ-202,epigrammata 8,Martialis,71,poetry,lat_0071_MQDQ-202.txt
MQDQ-203,epigrammata 9,Martialis,71,poetry,lat_0071_MQDQ-203.txt
MQDQ-204,epigrammata 10,Martialis,71,poetry,lat_0071_MQDQ-204.txt
MQDQ-205,epigrammata 11,Martialis,71,poetry,lat_0071_MQDQ-205.txt
MQDQ-206,epigrammata 12,Martialis,71,poetry,lat_0071_MQDQ-206.txt
MQDQ-207,epigrammata 13,Martialis,71,poetry,lat_0071_MQDQ-207.txt
MQDQ-208,epigrammata 14,Martialis,71,poetry,lat_0071_MQDQ-208.txt
MQDQ-194,de spectaculis,Martialis,71,poetry,lat_0071_MQDQ-194.txt
MQDQ-330,carmina epistulis inserta,"Plinius Gaius, Cecilius Secundus",86,poetry,lat_0086_MQDQ-330.txt
IT-LAT0332,Institutio oratoria,"Quintilianus, Marcus Fabius",91,prose,lat_0091_IT-LAT0332.txt
MQDQ-150,saturae,Iunius Iuuenalis,95,poetry,lat_0095_MQDQ-150.txt
MQDQ-554,epigramma,Verginius Rufus,97,poetry,lat_0097_MQDQ-554.txt
IT-LAT0111,Panegyricus Traiano,"Plinius Gaius, Cecilius Secundus",100,prose,lat_0100_IT-LAT0111.txt
IT-LAT0339,De condicionibus agrorum,"Flaccus, Siculus",100,prose,lat_0100_IT-LAT0339.txt
IT-LAT0340,De divisis et assignatis,"Flaccus, Siculus",100,prose,lat_0100_IT-LAT0340.txt
IT-LAT0341,De quaestoriis agris,"Flaccus, Siculus",100,prose,lat_0100_IT-LAT0341.txt
IT-LAT0342,Expositio et ratio omnium formarum,Balbus,100,prose,lat_0100_IT-LAT0342.txt
IT-LAT0345,De limitibus,Hyginus: Gromaticus,100,prose,lat_0100_IT-LAT0345.txt
IT-LAT0346,De generibus controversiarum,Hyginus: Gromaticus,100,prose,lat_0100_IT-LAT0346.txt
IT-LAT0347,De munitionibus castrorum,Hyginus: Gromaticus,100,prose,lat_0100_IT-LAT0347.txt
IT-LAT0348,Constitutio,Hyginus: Gromaticus,100,prose,lat_0100_IT-LAT0348.txt
IT-LAT0349,De condicionibus agrorum,Hyginus: Gromaticus,100,prose,lat_0100_IT-LAT0349.txt
IT-LAT0784,Declamationes,Calpurnius Flaccus,100,prose,lat_0100_IT-LAT0784.txt
MQDQ-152,carminum fragmenta,Alfius Auitus,100,poetry,lat_0100.0_MQDQ-152.txt
MQDQ-556,carmen,Sentius Augurinus,100,poetry,lat_0100.0_MQDQ-556.txt
MQDQ-96,carmina (anth. Riese),Florus,100,poetry,lat_0100.0_MQDQ-96.txt
MQDQ-439,carminum fragmenta,Septimius Serenus,100,poetry,lat_0100.0_MQDQ-439.txt
MQDQ-115,carminum fragmenta,Hadrianus imperator,107,poetry,lat_0107_MQDQ-115.txt
IT-LAT0120,De grammaticis et rhetoribus,"Svetonius Tranquillus, Caius",113,prose,lat_0113_IT-LAT0120.txt
IT-LAT0720,De poetis,"Svetonius Tranquillus, Caius",113,prose,lat_0113_IT-LAT0720.txt
IT-LAT0534,Opera omnia,"Tacitus, Publius (Gaius) Cornelius",116,prose,lat_0116_IT-LAT0534.txt
IT-LAT0534_1,De origine et situ Germanorum,"Tacitus, Publius (Gaius) Cornelius",116,prose,lat_0116_IT-LAT0534_1.txt
IT-LAT0534_2,De vita Iulii Agricolae,"Tacitus, Publius (Gaius) Cornelius",116,prose,lat_0116_IT-LAT0534_2.txt
IT-LAT0534_3,Dialogus de oratoribus,"Tacitus, Publius (Gaius) Cornelius",116,prose,lat_0116_IT-LAT0534_3.txt
IT-LAT0534_4,Historiae,"Tacitus, Publius (Gaius) Cornelius",116,prose,lat_0116_IT-LAT0534_4.txt
IT-LAT0054,Vitae Caesarum,"Svetonius Tranquillus, Caius",121,prose,lat_0121_IT-LAT0054.txt
MQDQ-336,*fragmentum poeticum flor. c. 7 insertum,"Apuleius, Lucius",147,poetry,lat_0147_MQDQ-336.txt
MQDQ-335,carminum fragmenta,"Apuleius, Lucius",147,poetry,lat_0147_MQDQ-335.txt
IT-LAT0267,Octavius,"Minucius Felix, Marcus",150,prose,lat_0150_IT-LAT0267.txt
IT-LAT0360,Noctes Atticae,"Gellius, Aulus",150,prose,lat_0150_IT-LAT0360.txt
IT-LAT0406,De nugis philosophorum,"Balbus, [Pseudo-] Caecilius",150,prose,lat_0150_IT-LAT0406.txt
IT-LAT0407,Quaestiones,"Caecilius Africanus, Sextus",150,prose,lat_0150_IT-LAT0407.txt
IT-LAT0916,De verbis dubiis,"Caper, Flavius",150,prose,lat_0150_IT-LAT0916.txt
MQDQ-223,carminum fragmenta,Annianus,150,poetry,lat_0150.0_MQDQ-223.txt
MQDQ-490,"*de orthographia, uersus inserti","Caper, Flavius",150,poetry,lat_0150.0_MQDQ-490.txt
MQDQ-240,incerti odarium,incerti odarium,150,poetry,lat_0150.0_MQDQ-240.txt
MQDQ-293,peruigilium Veneris,[Auctor incertus],150,poetry,lat_0150.0_MQDQ-293.txt
MQDQ-345,carmina Priapea,carmina Priapea,150,poetry,lat_0150.0_MQDQ-345.txt
MQDQ-470,"Adelphoe, periocha",Sulpicius Apollinaris,150,poetry,lat_0150.0_MQDQ-470.txt
MQDQ-465,"Andria, periocha",Sulpicius Apollinaris,150,poetry,lat_0150.0_MQDQ-465.txt
MQDQ-471,*epigramma ap. Don. u. Verg.,Sulpicius Apollinaris,150,poetry,lat_0150.0_MQDQ-471.txt
MQDQ-467,"Eunuchus, periocha",Sulpicius Apollinaris,150,poetry,lat_0150.0_MQDQ-467.txt
MQDQ-466,"Hautontimorumenos, periocha",Sulpicius Apollinaris,150,poetry,lat_0150.0_MQDQ-466.txt
MQDQ-469,"Hecyra, periocha",Sulpicius Apollinaris,150,poetry,lat_0150.0_MQDQ-469.txt
MQDQ-472,hexasticha in Aeneidos libris,Sulpicius Apollinaris,150,poetry,lat_0150.0_MQDQ-472.txt
MQDQ-468,"Phormio, periocha",Sulpicius Apollinaris,150,poetry,lat_0150.0_MQDQ-468.txt
IT-LAT0043,Metamorphoses,"Apuleius, Lucius",158,prose,lat_0158_IT-LAT0043.txt
MQDQ-491,"*ignoti uersus ap. Tert. apol. 25, 8","Tertullianus, Quintus Septimius Florens",190,poetry,lat_0190_MQDQ-491.txt
MQDQ-492,*carmen aduersus Marcionem,"Tertullianus, Quintus Septimius Florens",190,poetry,lat_0190_MQDQ-492.txt
IT-LAT0062,Ad martyres,"Tertullianus, Quintus Septimius Florens",197,prose,lat_0197_IT-LAT0062.txt
IT-LAT0246,Apologeticum,"Tertullianus, Quintus Septimius Florens",197,prose,lat_0197_IT-LAT0246.txt
IT-LAT0448,Ad nationes,"Tertullianus, Quintus Septimius Florens",197,prose,lat_0197_IT-LAT0448.txt
IT-LAT0248,De testimonio animae,"Tertullianus, Quintus Septimius Florens",198,prose,lat_0198_IT-LAT0248.txt
IT-LAT0256,De Baptismo,"Tertullianus, Quintus Septimius Florens",198,prose,lat_0198_IT-LAT0256.txt
IT-LAT0737,Adversus Iudaeos,"Tertullianus, Quintus Septimius Florens",198,prose,lat_0198_IT-LAT0737.txt
IT-LAT0749,Ad uxorem libri duo,"Tertullianus, Quintus Septimius Florens",198,prose,lat_0198_IT-LAT0749.txt
IT-LAT0750,De cultu feminarum libri duo,"Tertullianus, Quintus Septimius Florens",198,prose,lat_0198_IT-LAT0750.txt
IT-LAT0058,De spectaculis,"Tertullianus, Quintus Septimius Florens",199,prose,lat_0199_IT-LAT0058.txt
MQDQ-540,*uersus Aeneidos libro primo praemissi,Pseudo-Vergilius,200,poetry,lat_-0043_MQDQ-540.txt
IT-LAT0471,Passio Sanctarum Perpetuae et Felicitatis,[Auctor incertus],200,prose,lat_0200_IT-LAT0471.txt
IT-LAT0350,De oratione,"Tertullianus, Quintus Septimius Florens",205,prose,lat_0205_IT-LAT0350.txt
IT-LAT0744,De exhortatione castitatis,"Tertullianus, Quintus Septimius Florens",205,prose,lat_0205_IT-LAT0744.txt
IT-LAT0606,De resurrectione carnis liber,"Tertullianus, Quintus Septimius Florens",210,prose,lat_0210_IT-LAT0606.txt
IT-LAT0733,Liber de corona militis,"Tertullianus, Quintus Septimius Florens",210,prose,lat_0210_IT-LAT0733.txt
IT-LAT0746,De anima liber,"Tertullianus, Quintus Septimius Florens",210,prose,lat_0210_IT-LAT0746.txt
IT-LAT0736,De virginibus velandis,"Tertullianus, Quintus Septimius Florens",213,prose,lat_0213_IT-LAT0736.txt
IT-LAT0747,Liber de fuga in persecutione,"Tertullianus, Quintus Septimius Florens",213,prose,lat_0213_IT-LAT0747.txt
IT-LAT0755,Liber de monogamia,"Tertullianus, Quintus Septimius Florens",213,prose,lat_0213_IT-LAT0755.txt
IT-LAT0788,Adversus Praxean,"Tertullianus, Quintus Septimius Florens",213,prose,lat_0213_IT-LAT0788.txt
IT-LAT0201,Epitome Historiarum Philippicarum Pompei Trogi,"Iustinus Iunianus, Marcus",250,prose,lat_0250_IT-LAT0201.txt
IT-LAT0204,Disticha Catonis,[Auctor incertus],250,poetry,lat_0250_IT-LAT0204.txt
IT-LAT0607,De saeculi istius fine,Commodianus,250,poetry,lat_0250_IT-LAT0607.txt
IT-LAT0621,Sententiarum receptarum libri quinque,"Paulus, Julius",250,prose,lat_0250_IT-LAT0621.txt
IT-LAT0665,De mirabilibus mundi,"Solinus, Caius Iulius",250,prose,lat_0250_IT-LAT0665.txt
IT-LAT0846,Acta,Acholius,250,prose,lat_0250_IT-LAT0846.txt
IT-LAT0865,De Trinitate,Novatianus,250,prose,lat_0250_IT-LAT0865.txt
IT-LAT0913,Fragmentum de metriis,Censorinus,250,prose,lat_0250_IT-LAT0913.txt
IT-LAT0914,De musica fragmentum,Censorinus,250,prose,lat_0250_IT-LAT0914.txt
MQDQ-41,carmen de duobus populis,Commodianus,250,poetry,lat_0250.0_MQDQ-41.txt
MQDQ-39,instructiones 1,Commodianus,250,poetry,lat_0250.0_MQDQ-39.txt
MQDQ-40,instructiones 2,Commodianus,250,poetry,lat_0250.0_MQDQ-40.txt
MQDQ-123,in Caesares,uersus ex Historia Augusta,250,poetry,lat_0250.0_MQDQ-123.txt
MQDQ-138,Medea tragoedia,Hosidius Gaetae,250,poetry,lat_0250.0_MQDQ-138.txt
MQDQ-234,de aucupio,Nemesianus,250,poetry,lat_0250.0_MQDQ-234.txt
MQDQ-233,cynegetica,Nemesianus,250,poetry,lat_0250.0_MQDQ-233.txt
MQDQ-232,eclogae,Nemesianus,250,poetry,lat_0250.0_MQDQ-232.txt
MQDQ-343,precatio omnium herbarum,precatio omnium herbarum,250,poetry,lat_0250.0_MQDQ-343.txt
MQDQ-344,precatio Terrae matris,precatio Terrae matris,250,poetry,lat_0250.0_MQDQ-344.txt
MQDQ-558,"de litteris, de syllabis, de metris",Terentianus Maurus,250,poetry,lat_0250.0_MQDQ-558.txt
IT-LAT0893,Curae boum,"Gargilius Martialis, Quintus",260,prose,lat_0260_IT-LAT0893.txt
IT-LAT0895,Medicina ex oleribus et pomis,"Gargilius Martialis, Quintus",260,prose,lat_0260_IT-LAT0895.txt
IT-LAT0896,Vita Alexandri Severi,"Gargilius Martialis, Quintus",260,prose,lat_0260_IT-LAT0896.txt
IT-LAT0203,De ave phoenice,[Auctor incertus],300,poetry,lat_0300_IT-LAT0203.txt
IT-LAT0264,Adversus nationes,Arnobius,300,prose,lat_0300_IT-LAT0264.txt
IT-LAT0351,Liber memorialis,"Ampelius, Lucius",300,prose,lat_0300_IT-LAT0351.txt
MQDQ-107,carminum fragmenta,Albinus,300,poetry,lat_0300.0_MQDQ-107.txt
MQDQ-447,uersus Orphici,Arnobius,300,poetry,lat_0300.0_MQDQ-447.txt
MQDQ-87,epigrammata Bobiensia,epigrammata Bobiensia,300,poetry,lat_0300.0_MQDQ-87.txt
MQDQ-158,e Graecis conuersa,"Lactantius, Lucius Caecilius Firmianus",300,poetry,lat_0300.0_MQDQ-158.txt
MQDQ-159,*de passione domini,"Lactantius, Lucius Caecilius Firmianus",300,poetry,lat_0300.0_MQDQ-159.txt
MQDQ-157,de aue Phoenice,"Lactantius, Lucius Caecilius Firmianus",300,poetry,lat_0300.0_MQDQ-157.txt
MQDQ-241,carmina,Publilius Optatianus Porfyrius,300,poetry,lat_0300.0_MQDQ-241.txt
MQDQ-290,carmina (anth. Riese),Pentadius,300,poetry,lat_0300.0_MQDQ-290.txt
MQDQ-377,distichorum appendix,pseudo Cato,300,poetry,lat_0300.0_MQDQ-377.txt
MQDQ-378,uersus ex Columbano,pseudo Cato,300,poetry,lat_0300.0_MQDQ-378.txt
MQDQ-393,de concubitu Martis et Veneris,Reposianus,300,poetry,lat_0300.0_MQDQ-393.txt
MQDQ-499,carmina,Tiberianus,300,poetry,lat_0300.0_MQDQ-499.txt
MQDQ-500,carminum fragmenta,Tiberianus,300,poetry,lat_0300.0_MQDQ-500.txt
MQDQ-563,iudicium coci et pistoris,Vespa,300,poetry,lat_0300.0_MQDQ-563.txt
IT-LAT0268,De mortibus persecutorum,"Lactantius, Lucius Caecilius Firmianus",318,prose,lat_0318_IT-LAT0268.txt
MQDQ-1,laudes Domini,laudes Domini,321,poetry,lat_0321_MQDQ-1.txt
IT-LAT0886,Epistulae de iure civitatis Orcistenorum,Ablabius,330,prose,lat_0330_IT-LAT0886.txt
MQDQ-166,epigramma,Ablabius,331,poetry,lat_0331_MQDQ-166.txt
MQDQ-149,e Graecis conuersa,Iulius Valerius,338,poetry,lat_0338_MQDQ-149.txt
IT-LAT0115,Breviarium ab Urbe condita,Eutropius,350,prose,lat_0350_IT-LAT0115.txt
IT-LAT0233,Periegesis seu descriptio orbis terrarum,"Avienus, Rufius Festus",350,poetry,lat_0350_IT-LAT0233.txt
IT-LAT0238,Prodigiorum Liber,"Obsequens, Iulius",350,prose,lat_0350_IT-LAT0238.txt
IT-LAT0263,Epistula ad Marcellinam sororem,Ambrosius Mediolanensis,350,prose,lat_0350_IT-LAT0263.txt
IT-LAT0286,Testamentum porcelli,[Auctor incertus],350,prose,lat_0350_IT-LAT0286.txt
IT-LAT0353,Epistula ad Theodosium,"Avianus, Flavius",350,prose,lat_0350_IT-LAT0353.txt
IT-LAT0361,De barbarismo,"Donatus, Aelius",350,prose,lat_0350_IT-LAT0361.txt
IT-LAT0362,De schematibus,"Donatus, Aelius",350,prose,lat_0350_IT-LAT0362.txt
IT-LAT0364,De solecismo,"Donatus, Aelius",350,prose,lat_0350_IT-LAT0364.txt
IT-LAT0365,De tropis,"Donatus, Aelius",350,prose,lat_0350_IT-LAT0365.txt
IT-LAT0366,De ceteriis vitiis,"Donatus, Aelius",350,prose,lat_0350_IT-LAT0366.txt
IT-LAT0367,Commentarii Vergiliani,"Donatus, Aelius",350,prose,lat_0350_IT-LAT0367.txt
IT-LAT0609,Poemata,Paulinus Nolanus,350,poetry,lat_0350_IT-LAT0609.txt
IT-LAT0612,Chronica,"Severus, Sulpicius",350,prose,lat_0350_IT-LAT0612.txt
IT-LAT0719,Itinerarium peregrinatio,Egeria,350,prose,lat_0350_IT-LAT0719.txt
IT-LAT0775,Fasti,Hydatius Lemicensis,350,prose,lat_0350_IT-LAT0775.txt
IT-LAT0776,Chronicon,Hydatius Lemicensis,350,prose,lat_0350_IT-LAT0776.txt
IT-LAT0850,De viris illustribus urbis Romae,Auctor incertus (Aurelius Victor?),350,prose,lat_0350_IT-LAT0850.txt
IT-LAT0919,Opus agriculturae,"Palladius, Rutilius Taurus Aemilianus",350,prose,lat_0350_IT-LAT0919.txt
IT-LAT0978,Apophthegmata,Macarius Magnus: Sanctus,350,prose,lat_0350_IT-LAT0978.txt
MQDQ-569,Aratea,Auienus,350,poetry,lat_0350.0_MQDQ-569.txt
MQDQ-570,carmen ad Flauianum,Auienus,350,poetry,lat_0350.0_MQDQ-570.txt
MQDQ-571,carmen ad Nortiam,Auienus,350,poetry,lat_0350.0_MQDQ-571.txt
MQDQ-573,ora maritima,Auienus,350,poetry,lat_0350.0_MQDQ-573.txt
MQDQ-10,e Graecis conuersa,Chalcidius,350,poetry,lat_0350.0_MQDQ-10.txt
MQDQ-609,de mortibus boum,Severus Endelechius,350,poetry,lat_0350.0_MQDQ-609.txt
MQDQ-151,euangeliorum libri,Vettius Aquilinus Iuuencus,350,poetry,lat_0350.0_MQDQ-151.txt
MQDQ-192,de medicamentis,Marcellus,350,poetry,lat_0350.0_MQDQ-192.txt
MQDQ-289,carminum fragmenta,Paulus Quaestor,350,poetry,lat_0350.0_MQDQ-289.txt
MQDQ-350,cento Vergilianus,Faltonia Betitia Proba,350,poetry,lat_0350.0_MQDQ-350.txt
MQDQ-440,liber medicinalis,Quintus Serenus,350,poetry,lat_0350.0_MQDQ-440.txt
MQDQ-584,pater ad filium,"Ausonius, Decimus Magnus",352,poetry,lat_0352_MQDQ-584.txt
MQDQ-580,filius ad patrem,"Ausonius, Decimus Magnus",352,poetry,lat_0352_MQDQ-580.txt
MQDQ-599,Caesares,"Ausonius, Decimus Magnus",352,poetry,lat_0352_MQDQ-599.txt
MQDQ-595,cento nuptialis,"Ausonius, Decimus Magnus",352,poetry,lat_0352_MQDQ-595.txt
MQDQ-588,commemoratio professorum,"Ausonius, Decimus Magnus",352,poetry,lat_0352_MQDQ-588.txt
MQDQ-596,Cupido cruciatus,"Ausonius, Decimus Magnus",352,poetry,lat_0352_MQDQ-596.txt
MQDQ-591,eclogae,"Ausonius, Decimus Magnus",352,poetry,lat_0352_MQDQ-591.txt
MQDQ-579,ephemeris,"Ausonius, Decimus Magnus",352,poetry,lat_0352_MQDQ-579.txt
MQDQ-590,epigrammata,"Ausonius, Decimus Magnus",352,poetry,lat_0352_MQDQ-590.txt
MQDQ-603,epistulae,"Ausonius, Decimus Magnus",352,poetry,lat_0352_MQDQ-603.txt
MQDQ-589,epitaphia heroum,"Ausonius, Decimus Magnus",352,poetry,lat_0352_MQDQ-589.txt
MQDQ-598,fasti,"Ausonius, Decimus Magnus",352,poetry,lat_0352_MQDQ-598.txt
MQDQ-604,*fragmenta,"Ausonius, Decimus Magnus",352,poetry,lat_0352_MQDQ-604.txt
MQDQ-592,griphus ternarii numeri,"Ausonius, Decimus Magnus",352,poetry,lat_0352_MQDQ-592.txt
MQDQ-583,de herediolo,"Ausonius, Decimus Magnus",352,poetry,lat_0352_MQDQ-583.txt
MQDQ-602,ludus septem sapientium,"Ausonius, Decimus Magnus",352,poetry,lat_0352_MQDQ-602.txt
MQDQ-593,Mosella,"Ausonius, Decimus Magnus",352,poetry,lat_0352_MQDQ-593.txt
MQDQ-605,*oratio consulis,"Ausonius, Decimus Magnus",352,poetry,lat_0352_MQDQ-605.txt
MQDQ-581,uersus Paschales,"Ausonius, Decimus Magnus",352,poetry,lat_0352_MQDQ-581.txt
MQDQ-578,praefationes,"Ausonius, Decimus Magnus",352,poetry,lat_0352_MQDQ-578.txt
MQDQ-597,precationes variae,"Ausonius, Decimus Magnus",352,poetry,lat_0352_MQDQ-597.txt
MQDQ-601,technopaegnion,"Ausonius, Decimus Magnus",352,poetry,lat_0352_MQDQ-601.txt
IT-LAT0121,Rerum gestarum Libri,Ammianus Marcellinus,362,prose,lat_0362_IT-LAT0121.txt
MQDQ-617,hymni,Marius Victorinus,362,poetry,lat_0362_MQDQ-617.txt
MQDQ-120,*de euangelio,Hilarius Pictauiensis,367,poetry,lat_0367_MQDQ-120.txt
MQDQ-118,*in genesin,Hilarius Pictauiensis,367,poetry,lat_0367_MQDQ-118.txt
MQDQ-117,*hymnus de Christo,Hilarius Pictauiensis,367,poetry,lat_0367_MQDQ-117.txt
MQDQ-119,*de martyrio Maccabaeorum,Hilarius Pictauiensis,367,poetry,lat_0367_MQDQ-119.txt
MQDQ-183,disticha de uetere nouoque Testamento,Ambrosius Mediolanensis,368,poetry,lat_0368_MQDQ-183.txt
MQDQ-179,e Graecis conuersa,Ambrosius Mediolanensis,368,poetry,lat_0368_MQDQ-179.txt
MQDQ-180,hymni,Ambrosius Mediolanensis,368,poetry,lat_0368_MQDQ-180.txt
MQDQ-181,*uersus de naturis rerum,Ambrosius Mediolanensis,368,poetry,lat_0368_MQDQ-181.txt
MQDQ-182,*carmen de ternarii numeri excellentia,Ambrosius Mediolanensis,368,poetry,lat_0368_MQDQ-182.txt
MQDQ-476,carmina epistulis inserta,Q. Aurelius Symmachus,371,poetry,lat_0371_MQDQ-476.txt
MQDQ-368,apotheosis,"Prudentius, Aurelius Clemens",376,poetry,lat_0376_MQDQ-368.txt
MQDQ-367,cathemerinon,"Prudentius, Aurelius Clemens",376,poetry,lat_0376_MQDQ-367.txt
MQDQ-371,"contra Symmachum, praefationes","Prudentius, Aurelius Clemens",376,poetry,lat_0376_MQDQ-371.txt
MQDQ-374,dittochaeon,"Prudentius, Aurelius Clemens",376,poetry,lat_0376_MQDQ-374.txt
MQDQ-375,epilogus,"Prudentius, Aurelius Clemens",376,poetry,lat_0376_MQDQ-375.txt
MQDQ-369,hamartigenia,"Prudentius, Aurelius Clemens",376,poetry,lat_0376_MQDQ-369.txt
MQDQ-373,peristephanon,"Prudentius, Aurelius Clemens",376,poetry,lat_0376_MQDQ-373.txt
MQDQ-366,praefationes,"Prudentius, Aurelius Clemens",376,poetry,lat_0376_MQDQ-366.txt
MQDQ-372,contra Symmachum,"Prudentius, Aurelius Clemens",376,poetry,lat_0376_MQDQ-372.txt
MQDQ-477,Aradius Rufinus,Symmachus pater,376,poetry,lat_0376_MQDQ-477.txt
MQDQ-479,Anicius Iulianus,Symmachus pater,376,poetry,lat_0376_MQDQ-479.txt
MQDQ-480,Petronius Probianus,Symmachus pater,376,poetry,lat_0376_MQDQ-480.txt
MQDQ-478,Valerius Proculus,Symmachus pater,376,poetry,lat_0376_MQDQ-478.txt
MQDQ-481,Verinus,Symmachus pater,376,poetry,lat_0376_MQDQ-481.txt
IT-LAT0001,Vulgata VT Genesis,Hieronymus,382,prose,lat_0382_IT-LAT0001.txt
IT-LAT0001_1,Vulgata VT Ruth,Hieronymus,382,prose,lat_0382_IT-LAT0001_1.txt
IT-LAT0001_2,Vulgata VT Exodus,Hieronymus,382,prose,lat_0382_IT-LAT0001_2.txt
IT-LAT0001_3,Vulgata VT Leviticus,Hieronymus,382,prose,lat_0382_IT-LAT0001_3.txt
IT-LAT0001_4,Vulgata VT Deuteronomii,Hieronymus,382,prose,lat_0382_IT-LAT0001_4.txt
IT-LAT0001_5,Vulgata VT Iosue,Hieronymus,382,prose,lat_0382_IT-LAT0001_5.txt
IT-LAT0001_6,Vulgata VT Iudicum,Hieronymus,382,prose,lat_0382_IT-LAT0001_6.txt
IT-LAT0001_7,Vulgata VT I Samuelis,Hieronymus,382,prose,lat_0382_IT-LAT0001_7.txt
IT-LAT0001_8,Vulgata VT II Samuelis,Hieronymus,382,prose,lat_0382_IT-LAT0001_8.txt
IT-LAT0001_9,Vulgata VT I Regum,Hieronymus,382,prose,lat_0382_IT-LAT0001_9.txt
IT-LAT0001_10,Vulgata VT II Regum,Hieronymus,382,prose,lat_0382_IT-LAT0001_10.txt
IT-LAT0001_11,Vulgata VT I Paralipomenon,Hieronymus,382,prose,lat_0382_IT-LAT0001_11.txt
IT-LAT0001_12,Vulgata VT II Paralipomenon,Hieronymus,382,prose,lat_0382_IT-LAT0001_12.txt
IT-LAT0001_13,Vulgata VT Esdrae,Hieronymus,382,prose,lat_0382_IT-LAT0001_13.txt
IT-LAT0001_14,Vulgata VT Nehemiae,Hieronymus,382,prose,lat_0382_IT-LAT0001_14.txt
IT-LAT0001_15,Vulgata VT Tobias,Hieronymus,382,prose,lat_0382_IT-LAT0001_15.txt
IT-LAT0001_16,Vulgata VT Iudith,Hieronymus,382,prose,lat_0382_IT-LAT0001_16.txt
IT-LAT0001_17,Vulgata VT Esther,Hieronymus,382,prose,lat_0382_IT-LAT0001_17.txt
IT-LAT0001_18,Vulgata VT Iob,Hieronymus,382,poetry,lat_0382_IT-LAT0001_18.txt
IT-LAT0001_19,Vulgata VT Psalmi,Hieronymus,382,poetry,lat_0382_IT-LAT0001_19.txt
IT-LAT0001_20,Vulgata VT Proverbia,Hieronymus,382,poetry,lat_0382_IT-LAT0001_20.txt
IT-LAT0001_21,Vulgata VT Ecclesiastes,Hieronymus,382,poetry,lat_0382_IT-LAT0001_21.txt
IT-LAT0001_22,Vulgata VT I Canticum Canticorum,Hieronymus,382,poetry,lat_0382_IT-LAT0001_22.txt
IT-LAT0001_23,Vulgata VT I Machabaeorum,Hieronymus,382,prose,lat_0382_IT-LAT0001_23.txt
IT-LAT0001_24,Vulgata VT II Machabaeorum,Hieronymus,382,prose,lat_0382_IT-LAT0001_24.txt
IT-LAT0001_25,Vulgata VT Isaias,Hieronymus,382,prose,lat_0382_IT-LAT0001_25.txt
IT-LAT0001_26,Vulgata VT Ieremiae,Hieronymus,382,prose,lat_0382_IT-LAT0001_26.txt
IT-LAT0001_27,Vulgata VT Lamentationes,Hieronymus,382,poetry,lat_0382_IT-LAT0001_27.txt
IT-LAT0001_28,Vulgata SPURIA Liber Kalilae et Dimnae,Hieronymus,382,prose,lat_0382_IT-LAT0001_28.txt
IT-LAT0001_29,Vulgata VT Daniel,Hieronymus,382,prose,lat_0382_IT-LAT0001_29.txt
IT-LAT0001_30,Vulgata VT Hosea,Hieronymus,382,prose,lat_0382_IT-LAT0001_30.txt
IT-LAT0001_31,Vulgata VT Joel,Hieronymus,382,prose,lat_0382_IT-LAT0001_31.txt
IT-LAT0001_32,Vulgata VT Amos,Hieronymus,382,prose,lat_0382_IT-LAT0001_32.txt
IT-LAT0001_33,Vulgata VT Abdiae,Hieronymus,382,prose,lat_0382_IT-LAT0001_33.txt
IT-LAT0001_34,Vulgata VT Jonah,Hieronymus,382,prose,lat_0382_IT-LAT0001_34.txt
IT-LAT0001_35,Vulgata VT Micah,Hieronymus,382,prose,lat_0382_IT-LAT0001_35.txt
IT-LAT0001_36,Vulgata VT Nahum,Hieronymus,382,prose,lat_0382_IT-LAT0001_36.txt
IT-LAT0001_37,Vulgata VT Habacuc,Hieronymus,382,prose,lat_0382_IT-LAT0001_37.txt
IT-LAT0001_38,Vulgata VT Aggaeus,Hieronymus,382,prose,lat_0382_IT-LAT0001_38.txt
IT-LAT0001_39,Vulgata VT Zechariach,Hieronymus,382,prose,lat_0382_IT-LAT0001_39.txt
IT-LAT0001_40,Vulgata VT Malachi,Hieronymus,382,prose,lat_0382_IT-LAT0001_40.txt
IT-LAT0001_41,Vulgata VT Sirach,Hieronymus,382,prose,lat_0382_IT-LAT0001_41.txt
IT-LAT0001_42,Vulgata NT Evangelium Secundum Matthaeum,Hieronymus,382,prose,lat_0382_IT-LAT0001_42.txt
IT-LAT0001_43,Vulgata NT Evangelium Secundum Marcum,Hieronymus,382,prose,lat_0382_IT-LAT0001_43.txt
IT-LAT0001_44,Vulgata NT Evangelium Secundum Lucam,Hieronymus,382,prose,lat_0382_IT-LAT0001_44.txt
IT-LAT0001_45,Vulgata NT Evangelium Secundum Ioannem,Hieronymus,382,prose,lat_0382_IT-LAT0001_45.txt
IT-LAT0001_46,Vulgata NT Actus Apostolorum,Hieronymus,382,prose,lat_0382_IT-LAT0001_46.txt
IT-LAT0001_47,Vulgata NT Ad Romanos,Hieronymus,382,prose,lat_0382_IT-LAT0001_47.txt
IT-LAT0001_48,Vulgata NT Ad Corinthios I,Hieronymus,382,prose,lat_0382_IT-LAT0001_48.txt
IT-LAT0001_49,Vulgata NT Ad Corinthios II,Hieronymus,382,prose,lat_0382_IT-LAT0001_49.txt
IT-LAT0001_50,Vulgata NT Ad Galatas,Hieronymus,382,prose,lat_0382_IT-LAT0001_50.txt
IT-LAT0001_51,Vulgata NT Ad Ephesios,Hieronymus,382,prose,lat_0382_IT-LAT0001_51.txt
IT-LAT0001_52,Vulgata NT Ad Philippenses,Hieronymus,382,prose,lat_0382_IT-LAT0001_52.txt
IT-LAT0001_53,Vulgata NT Ad Colossenses,Hieronymus,382,prose,lat_0382_IT-LAT0001_53.txt
IT-LAT0001_54,Vulgata NT Ad Thessalonicenses I,Hieronymus,382,prose,lat_0382_IT-LAT0001_54.txt
IT-LAT0001_55,Vulgata NT Ad Thessalonicenses II,Hieronymus,382,prose,lat_0382_IT-LAT0001_55.txt
IT-LAT0001_56,Vulgata NT Ad Timotheum I,Hieronymus,382,prose,lat_0382_IT-LAT0001_56.txt
IT-LAT0001_57,Vulgata NT Ad Timotheum II,Hieronymus,382,prose,lat_0382_IT-LAT0001_57.txt
IT-LAT0001_58,Vulgata NT Ad Titum,Hieronymus,382,prose,lat_0382_IT-LAT0001_58.txt
IT-LAT0001_59,Vulgata NT Ad Philemonem,Hieronymus,382,prose,lat_0382_IT-LAT0001_59.txt
IT-LAT0001_60,Vulgata NT Ad Hebraeos,Hieronymus,382,prose,lat_0382_IT-LAT0001_60.txt
IT-LAT0001_61,Vulgata NT Iacobi,Hieronymus,382,prose,lat_0382_IT-LAT0001_61.txt
IT-LAT0001_62,Vulgata NT I Petri,Hieronymus,382,prose,lat_0382_IT-LAT0001_62.txt
IT-LAT0001_63,Vulgata NT II Petri,Hieronymus,382,prose,lat_0382_IT-LAT0001_63.txt
IT-LAT0001_64,Vulgata NT I Ioannis,Hieronymus,382,prose,lat_0382_IT-LAT0001_64.txt
IT-LAT0001_65,Vulgata NT II Ioannis,Hieronymus,382,prose,lat_0382_IT-LAT0001_65.txt
IT-LAT0001_66,Vulgata NT III Ioannis,Hieronymus,382,prose,lat_0382_IT-LAT0001_66.txt
IT-LAT0001_67,Vulgata NT Iudae,Hieronymus,382,prose,lat_0382_IT-LAT0001_67.txt
IT-LAT0001_68,Vulgata NT Apocalypsis,Hieronymus,382,prose,lat_0382_IT-LAT0001_68.txt
IT-LAT0001_69,Vulgata VT Sapientiae,Hieronymus,382,prose,lat_0382_IT-LAT0001_69.txt
IT-LAT1039,Vulgata,Hieronymus,382,prose,lat_0382_IT-LAT1039.txt
MQDQ-116,carminum fragmenta,Hieronymus Stridonensis,383,poetry,lat_0383_MQDQ-116.txt
MQDQ-56,epigrammata,Damasus,384,poetry,lat_0384_MQDQ-56.txt
IT-LAT0574,De Bissula,"Ausonius, Decimus Magnus",385,poetry,lat_0385_IT-LAT0574.txt
IT-LAT0574_1,Epicedion in patrem,"Ausonius, Decimus Magnus",385,poetry,lat_0385_IT-LAT0574_1.txt
IT-LAT0574_2,Genethliacum ad Ausonium nepotem,"Ausonius, Decimus Magnus",385,poetry,lat_0385_IT-LAT0574_2.txt
IT-LAT0574_3,Gratiarum actio dicta Domino Gratiano Augusto,"Ausonius, Decimus Magnus",385,poetry,lat_0385_IT-LAT0574_3.txt
IT-LAT0574_4,Liber protrepticus ad nepotem,"Ausonius, Decimus Magnus",385,poetry,lat_0385_IT-LAT0574_4.txt
IT-LAT0574_5,Ordo urbium nobilium,"Ausonius, Decimus Magnus",385,poetry,lat_0385_IT-LAT0574_5.txt
IT-LAT0574_6,Parentalia,"Ausonius, Decimus Magnus",385,poetry,lat_0385_IT-LAT0574_6.txt
IT-LAT0574_7,Periocha Iliadis,"Ausonius, Decimus Magnus",385,poetry,lat_0385_IT-LAT0574_7.txt
IT-LAT0574_8,Periocha Odyssiae,"Ausonius, Decimus Magnus",385,poetry,lat_0385_IT-LAT0574_8.txt
IT-LAT0574_9,Septem Sapientium Sententiae,"Ausonius, Decimus Magnus",385,poetry,lat_0385_IT-LAT0574_9.txt
IT-LAT0061,De dialectica,"Augustinus, Aurelius",387,prose,lat_0387_IT-LAT0061.txt
IT-LAT0315,Ad Familiares,"Claudianus, Claudius",387,poetry,lat_0387_IT-LAT0315.txt
IT-LAT0317,Hystrix,"Claudianus, Claudius",387,poetry,lat_0387_IT-LAT0317.txt
IT-LAT0318,De sene Veronensi,"Claudianus, Claudius",387,poetry,lat_0387_IT-LAT0318.txt
IT-LAT0319,De piis fratribus et de statuis eorum quae sunt apud Catinam,"Claudianus, Claudius",387,poetry,lat_0387_IT-LAT0319.txt
IT-LAT0793,De magistro,"Augustinus, Aurelius",389,prose,lat_0389_IT-LAT0793.txt
IT-LAT0189,Epitoma rei militaris,"Vegetius Renatus, Flavius",390,prose,lat_0390_IT-LAT0189.txt
IT-LAT0726,Vita Malchi monachi captivi,Hieronymus,390,prose,lat_0390_IT-LAT0726.txt
IT-LAT0016,Regula,"Augustinus, Aurelius",391,prose,lat_0391_IT-LAT0016.txt
IT-LAT0847,De Mysteriis,Ambrosius Mediolanensis,391,prose,lat_0391_IT-LAT0847.txt
MQDQ-513,*carmina (anth. Riese),Augustinus Hipponensis,392,poetry,lat_0392_MQDQ-513.txt
MQDQ-514,"*ignoti uersus ap. Aug. mus. 5, 13, 27",Augustinus Hipponensis,392,poetry,lat_0392_MQDQ-514.txt
MQDQ-515,*precatio ad Christum,Augustinus Hipponensis,392,poetry,lat_0392_MQDQ-515.txt
MQDQ-512,psalmus contra partem Donati,Augustinus Hipponensis,392,poetry,lat_0392_MQDQ-512.txt
MQDQ-516,uersus Sibyllae,Augustinus Hipponensis,392,poetry,lat_0392_MQDQ-516.txt
MQDQ-280,carminum appendix,Paulinus Nolanus,392,poetry,lat_0392_MQDQ-280.txt
MQDQ-279,carmina,Paulinus Nolanus,392,poetry,lat_0392_MQDQ-279.txt
MQDQ-281,carmen epist. 8 insertum,Paulinus Nolanus,392,poetry,lat_0392_MQDQ-281.txt
MQDQ-282,carmina epist. 32 inserta,Paulinus Nolanus,392,poetry,lat_0392_MQDQ-282.txt
IT-LAT0397,De fide et symbolo,"Augustinus, Aurelius",393,prose,lat_0393_IT-LAT0397.txt
IT-LAT0316,Gigantomachia,"Claudianus, Claudius",394,poetry,lat_0394_IT-LAT0316.txt
IT-LAT1004,Regula ad monachos,"Macarius Alexandrinus Abbas Nitriensis, Sanctus",395,prose,lat_0395_IT-LAT1004.txt
IT-LAT0373,Fescennina dicta Honorio Augusto et Mariae,"Claudianus, Claudius",398,poetry,lat_0398_IT-LAT0373.txt
IT-LAT0015,Confessiones,"Augustinus, Aurelius",399,prose,lat_0399_IT-LAT0015.txt
IT-LAT0403,De cathechizandis rudibus,"Augustinus, Aurelius",399,prose,lat_0399_IT-LAT0403.txt
IT-LAT0272,Sententiae (a.k.a. De moribus),Pseudo-Seneca,400,prose,lat_-0049_IT-LAT0272.txt
IT-LAT0270,Psychomachia,"Prudentius, Aurelius Clemens",400,poetry,lat_0400_IT-LAT0270.txt
IT-LAT0329,De nominibus Epitome,"Paris, Iulius",400,prose,lat_0400_IT-LAT0329.txt
IT-LAT0843,Contra Ioannem Hierosolymitanum Episcopum ad Pammachium,Hieronymus,400,prose,lat_0400_IT-LAT0843.txt
IT-LAT0878,Vita Pauli,Hieronymus,400,prose,lat_0400_IT-LAT0878.txt
IT-LAT0880,Epistulae,Hieronymus,400,prose,lat_0400_IT-LAT0880.txt
MQDQ-26,carmina minora,Claudianus,400,poetry,lat_0400.0_MQDQ-26.txt
MQDQ-28,epigramma,Claudianus,400,poetry,lat_0400.0_MQDQ-28.txt
MQDQ-22,in Eutropium,Claudianus,400,poetry,lat_0400.0_MQDQ-22.txt
MQDQ-16,panegyricus dictus Honorio tertium consuli,Claudianus,400,poetry,lat_0400.0_MQDQ-16.txt
MQDQ-17,panegyricus dictus Honorio quartum consuli,Claudianus,400,poetry,lat_0400.0_MQDQ-17.txt
MQDQ-25,panegyricus dictus Honorio sextum consuli,Claudianus,400,poetry,lat_0400.0_MQDQ-25.txt
MQDQ-21,panegyricus dictus Mallio Theodoro consuli,Claudianus,400,poetry,lat_0400.0_MQDQ-21.txt
MQDQ-27,de raptu Proserpinae,Claudianus,400,poetry,lat_0400.0_MQDQ-27.txt
MQDQ-15,in Rufinum,Claudianus,400,poetry,lat_0400.0_MQDQ-15.txt
MQDQ-23,de consulatu Stilichonis,Claudianus,400,poetry,lat_0400.0_MQDQ-23.txt
MQDQ-165,carmen ad Augustinum,Licentius,400,poetry,lat_0400.0_MQDQ-165.txt
MQDQ-379,carmen ad quendam senatorem,pseudo Cyprianus,400,poetry,lat_0400.0_MQDQ-379.txt
MQDQ-381,de Iona,pseudo Cyprianus,400,poetry,lat_0400.0_MQDQ-381.txt
MQDQ-382,de pascha,pseudo Cyprianus,400,poetry,lat_0400.0_MQDQ-382.txt
MQDQ-383,de resurrectione mortuorum,pseudo Cyprianus,400,poetry,lat_0400.0_MQDQ-383.txt
MQDQ-380,de Sodoma,pseudo Cyprianus,400,poetry,lat_0400.0_MQDQ-380.txt
MQDQ-441,"de ultimis syllabis, praefatio",pseudo Probus,400,poetry,lat_0400.0_MQDQ-441.txt
IT-LAT0410,Vita Sancti Martini episcopi et confessoris,"Severus, Sulpicius",403,prose,lat_0403_IT-LAT0410.txt
MQDQ-283,eucharisticos,Paulinus Pellaeus,418,poetry,lat_0418_MQDQ-283.txt
MQDQ-284,oratio,Paulinus Pellaeus,418,poetry,lat_0418_MQDQ-284.txt
IT-LAT0768,A Firmo de civitate Dei,"Augustinus, Aurelius",419,prose,lat_0419_IT-LAT0768.txt
IT-LAT0337,De re coquinaria,"Apicius, Marcus Gavius",420,prose,lat_0420_IT-LAT0337.txt
MQDQ-121,carminis fragmentum,Hilarius Arelatensis,425,poetry,lat_0425_MQDQ-121.txt
IT-LAT0610,Liber sententiarum,Prosper Aquitanus,426,prose,lat_0426_IT-LAT0610.txt
MQDQ-610,uersus in tumulo Monicae,Bassus iunior,431,poetry,lat_0431_MQDQ-610.txt
IT-LAT0383,Contra haereticos,[Auctor incertus],438,prose,lat_0438_IT-LAT0383.txt
IT-LAT0333,De centum metris,"Servius, Marius Honoratus",450,prose,lat_0450_IT-LAT0333.txt
IT-LAT0334,De metris Horatii,"Servius, Marius Honoratus",450,prose,lat_0450_IT-LAT0334.txt
IT-LAT0336,Explanatio in artem Donati,"Servius, Marius Honoratus",450,prose,lat_0450_IT-LAT0336.txt
IT-LAT0414,A solis ortus cardine,Sedulius,450,poetry,lat_0450_IT-LAT0414.txt
IT-LAT0608,De laude eremi,Eucherius Arelas: Sanctus,450,prose,lat_0450_IT-LAT0608.txt
IT-LAT0611,Ecloga,Theodulus,450,poetry,lat_0450_IT-LAT0611.txt
IT-LAT0904,Adversus profanas omnium novitates haereticorum commonitorium cum notis,Vincent de L√©rins,450,prose,lat_0450_IT-LAT0904.txt
IT-LAT1001,Excerpta Valesiana,[Auctor incertus],450,prose,lat_0450_IT-LAT1001.txt
MQDQ-615,epigramma,Achilleus Spoletanus,450,poetry,lat_0450.0_MQDQ-615.txt
MQDQ-2,aegritudo Perdicae,aegritudo Perdicae,450,poetry,lat_0450.0_MQDQ-2.txt
MQDQ-66,uersus de fide,Agrestius Gallus Episcopus,450,poetry,lat_0450.0_MQDQ-66.txt
MQDQ-114,Alcestis Barcinonensis,Alcestis Barcinonensis,450,poetry,lat_0450.0_MQDQ-114.txt
MQDQ-562,fabulae,Auianus,450,poetry,lat_0450.0_MQDQ-562.txt
MQDQ-608,epistula ad Arbogastem,Auspicius Tullensis Episcopus,450,poetry,lat_0450.0_MQDQ-608.txt
MQDQ-630,e Parmenide conuersa,Caelius Aurelianus,450,poetry,lat_0450.0_MQDQ-630.txt
MQDQ-5,carmen Sibyllinum,carmen Sibyllinum,450,poetry,lat_0450.0_MQDQ-5.txt
MQDQ-52,deuteronomium,Cyprianus Gallus,450,poetry,lat_0450.0_MQDQ-52.txt
MQDQ-49,exodus,Cyprianus Gallus,450,poetry,lat_0450.0_MQDQ-49.txt
MQDQ-55,deperditorum carminum reliquiae,Cyprianus Gallus,450,poetry,lat_0450.0_MQDQ-55.txt
MQDQ-48,liber geneseos,Cyprianus Gallus,450,poetry,lat_0450.0_MQDQ-48.txt
MQDQ-53,Iesu Naue,Cyprianus Gallus,450,poetry,lat_0450.0_MQDQ-53.txt
MQDQ-54,iudicum,Cyprianus Gallus,450,poetry,lat_0450.0_MQDQ-54.txt
MQDQ-50,leuiticus,Cyprianus Gallus,450,poetry,lat_0450.0_MQDQ-50.txt
MQDQ-51,numeri,Cyprianus Gallus,450,poetry,lat_0450.0_MQDQ-51.txt
MQDQ-611,epitaphium Hilarini,Cytherius,450,poetry,lat_0450.0_MQDQ-611.txt
MQDQ-62,"Romulea, fragmentum",Dracontius,450,poetry,lat_0450.0_MQDQ-62.txt
MQDQ-59,de laudibus dei,Dracontius,450,poetry,lat_0450.0_MQDQ-59.txt
MQDQ-63,Orestes,Dracontius,450,poetry,lat_0450.0_MQDQ-63.txt
MQDQ-61,Romulea,Dracontius,450,poetry,lat_0450.0_MQDQ-61.txt
MQDQ-60,satisfactio,Dracontius,450,poetry,lat_0450.0_MQDQ-60.txt
MQDQ-101,"mythologiae, uersus inserti",Fulgentius,450,poetry,lat_0450.0_MQDQ-101.txt
MQDQ-102,"Virgiliana continentia 740, uersus inserti",Fulgentius,450,poetry,lat_0450.0_MQDQ-102.txt
MQDQ-125,"uita Hilarii Arelatensis, uersus inserti",Honoratus Massiliensis,450,poetry,lat_0450.0_MQDQ-125.txt
MQDQ-185,carminis fragmentum,Macrobius Theodosius,450,poetry,lat_0450.0_MQDQ-185.txt
MQDQ-212,de nuptiis Philologiae et Mercurii,Martianus Capella,450,poetry,lat_0450.0_MQDQ-212.txt
MQDQ-219,carmina,Merobaudes,450,poetry,lat_0450.0_MQDQ-219.txt
MQDQ-218,carmen de Christo,Merobaudes,450,poetry,lat_0450.0_MQDQ-218.txt
MQDQ-220,panegyricus poeticus,Merobaudes,450,poetry,lat_0450.0_MQDQ-220.txt
MQDQ-243,carmina minora,Orientius,450,poetry,lat_0450.0_MQDQ-243.txt
MQDQ-242,commonitorium,Orientius,450,poetry,lat_0450.0_MQDQ-242.txt
MQDQ-273,de insitione,Palladius Rutilius Taurus Aemilianus,450,poetry,lat_0450.0_MQDQ-273.txt
MQDQ-278,epigramma,Paulinus Baeterrensis,450,poetry,lat_0450.0_MQDQ-278.txt
MQDQ-285,de uita Martini,Paulinus Petricordiae,450,poetry,lat_0450.0_MQDQ-285.txt
MQDQ-287,uersus de orantibus,Paulinus Petricordiae,450,poetry,lat_0450.0_MQDQ-287.txt
MQDQ-286,de uisitatione nepotuli sui,Paulinus Petricordiae,450,poetry,lat_0450.0_MQDQ-286.txt
MQDQ-305,"ars, praefatio",Phocas,450,poetry,lat_0450.0_MQDQ-305.txt
MQDQ-304,carmen de uita Vergilii,Phocas,450,poetry,lat_0450.0_MQDQ-304.txt
MQDQ-349,praeceptum,Priscillianista quidam,450,poetry,lat_0450.0_MQDQ-349.txt
MQDQ-360,"carmen de ingratis, argumentum",Prosper Aquitanus,450,poetry,lat_0450.0_MQDQ-360.txt
MQDQ-363,epigrammata,Prosper Aquitanus,450,poetry,lat_0450.0_MQDQ-363.txt
MQDQ-364,epitaphium haereseon,Prosper Aquitanus,450,poetry,lat_0450.0_MQDQ-364.txt
MQDQ-361,carmen de ingratis,Prosper Aquitanus,450,poetry,lat_0450.0_MQDQ-361.txt
MQDQ-362,in obtrectatorem Augustini,Prosper Aquitanus,450,poetry,lat_0450.0_MQDQ-362.txt
MQDQ-365,*carmen de prouidentia,Prosper Aquitanus,450,poetry,lat_0450.0_MQDQ-365.txt
MQDQ-414,de numeris oratorum,Rufinus,450,poetry,lat_0450.0_MQDQ-414.txt
MQDQ-413,in metra Terentiana,Rufinus,450,poetry,lat_0450.0_MQDQ-413.txt
MQDQ-418,fragmenta duo,Rutilius Namatianus,450,poetry,lat_0450.0_MQDQ-418.txt
MQDQ-417,de reditu suo,Rutilius Namatianus,450,poetry,lat_0450.0_MQDQ-417.txt
MQDQ-423,hymni,Sedulius,450,poetry,lat_0450.0_MQDQ-423.txt
MQDQ-422,carmen paschale,Sedulius,450,poetry,lat_0450.0_MQDQ-422.txt
MQDQ-482,aenigmata,Symphosius,450,poetry,lat_0450.0_MQDQ-482.txt
MQDQ-564,de Iesu Christo,Victorinus,450,poetry,lat_0450.0_MQDQ-564.txt
MQDQ-565,de lege domini,Victorinus,450,poetry,lat_0450.0_MQDQ-565.txt
MQDQ-566,de natiuitate,Victorinus,450,poetry,lat_0450.0_MQDQ-566.txt
MQDQ-189,alethia,Marius Victor,450,poetry,lat_0450.0_MQDQ-189.txt
MQDQ-444,carmina,Sidonius Apollinaris,458,poetry,lat_0458_MQDQ-444.txt
MQDQ-445,"epistulae, uersus inserti",Sidonius Apollinaris,458,poetry,lat_0458_MQDQ-445.txt
MQDQ-111,"carmen epist. 2, 19 insertum",Ruricius Lemovicensis Episcopus,473,poetry,lat_0473_MQDQ-111.txt
MQDQ-140,hymni Christiani anonymi,hymni Christiani anonymi,500,poetry,lat_0500.0_MQDQ-140.txt
MQDQ-277,carminum fragmenta,Parthenius Africanus Presbyter,500,poetry,lat_0500_MQDQ-277.txt
IT-LAT0917,Porphyrii Isagoge translatio,"Boethius, Anicius Manlius Severinus",502,prose,lat_0502_IT-LAT0917.txt
MQDQ-110,variae,unknown,514,poetry,lat_0514_MQDQ-110.txt
MQDQ-623,carminum appendix,Alcimus Auitus,518,poetry,lat_0518_MQDQ-623.txt
MQDQ-622,poematum libri,Alcimus Auitus,518,poetry,lat_0518_MQDQ-622.txt
MQDQ-75,carmina 1,Ennodius,521,poetry,lat_0521_MQDQ-75.txt
MQDQ-76,carmina 2,Ennodius,521,poetry,lat_0521_MQDQ-76.txt
MQDQ-83,"Castitas, opusc. 6",Ennodius,521,poetry,lat_0521_MQDQ-83.txt
MQDQ-77,"dictiones, 12, 24, 28, uersus inserti",Ennodius,521,poetry,lat_0521_MQDQ-77.txt
MQDQ-78,"epistulae, 5,7-8, uersus inserti",Ennodius,521,poetry,lat_0521_MQDQ-78.txt
MQDQ-79,"epistulae, 7,21-29, uersus inserti",Ennodius,521,poetry,lat_0521_MQDQ-79.txt
MQDQ-84,"Fides, opusc. 6",Ennodius,521,poetry,lat_0521_MQDQ-84.txt
MQDQ-85,"Grammatica, opusc. 6",Ennodius,521,poetry,lat_0521_MQDQ-85.txt
MQDQ-81,"laus uersuum, opusc. 6",Ennodius,521,poetry,lat_0521_MQDQ-81.txt
MQDQ-80,"opuscula, 6, uersus inserti",Ennodius,521,poetry,lat_0521_MQDQ-80.txt
MQDQ-86,"Rhetorica, opusc. 6",Ennodius,521,poetry,lat_0521_MQDQ-86.txt
MQDQ-82,"Verecundia, opusc. 6",Ennodius,521,poetry,lat_0521_MQDQ-82.txt
IT-LAT0011,S. Benedicti Regula,Benedictus Nursianus,524,prose,lat_0524_IT-LAT0011.txt
MQDQ-627,consolatio Philosophiae,"Boethius, Anicius Manlius Severinus",524,poetry,lat_0524_MQDQ-627.txt
MQDQ-628,elogia,"Boethius, Anicius Manlius Severinus",524,poetry,lat_0524_MQDQ-628.txt
MQDQ-621,uersus in subscritione codicis Hegesippi,Cyprianus Tolonensis Episcopus,525,poetry,lat_0525_MQDQ-621.txt
IT-LAT0867,Codex,"Iustinianus, Caesar Flavius (Imperator Iustinianus)",531,prose,lat_0531_IT-LAT0867.txt
MQDQ-618,uersus de calice,Remigius Remensis Episcopus,533,poetry,lat_0533_MQDQ-618.txt
IT-LAT0202,Institutiones,"Iustinianus, Caesar Flavius (Imperator Iustinianus)",533,prose,lat_0533_IT-LAT0202.txt
IT-LAT0251,Epistulae Theodoricianae variae,"Cassiodorus, Flavius Magnus Aurelius",535,prose,lat_0535_IT-LAT0251.txt
IT-LAT0252,Orationes,"Cassiodorus, Flavius Magnus Aurelius",535,prose,lat_0535_IT-LAT0252.txt
IT-LAT0250,De Anima,"Cassiodorus, Flavius Magnus Aurelius",540,prose,lat_0540_IT-LAT0250.txt
MQDQ-574,pro itineris et nauigii prosperitate,Gildas sapiens,540,poetry,lat_0540_MQDQ-574.txt
MQDQ-575,oratio,Gildas sapiens,540,poetry,lat_0540_MQDQ-575.txt
IT-LAT0196,De origine actibusque Getarum,Iordanes,550,prose,lat_0550_IT-LAT0196.txt
IT-LAT0990,"Concilium Bracarense primum octo episcoporum, habitum aera DXCIX, anno tertio Ariamiri regis, die Kalendarum Maiarum.",Martinus Bracarensis,550,prose,lat_0550_IT-LAT0990.txt
IT-LAT0990_1,"Concilium Bracarense secundum duodecim episcoporum, habitum anno secundo regis Mironis, die Kalendarum Iuniarum, aera DCX.",Martinus Bracarensis,550,prose,lat_0550_IT-LAT0990_1.txt
IT-LAT0990_2,De correctione rusticorum,Martinus Bracarensis,550,prose,lat_0550_IT-LAT0990_2.txt
IT-LAT0990_3,De ira,Martinus Bracarensis,550,prose,lat_0550_IT-LAT0990_3.txt
IT-LAT0990_4,De Pascha,Martinus Bracarensis,550,prose,lat_0550_IT-LAT0990_4.txt
IT-LAT0990_5,De superbia,Martinus Bracarensis,550,prose,lat_0550_IT-LAT0990_5.txt
IT-LAT0990_6,De Trina Mersione,Martinus Bracarensis,550,prose,lat_0550_IT-LAT0990_6.txt
IT-LAT0433,Pro repellenda iactantia,Martinus Bracarensis,550,prose,lat_0550_IT-LAT0433.txt
IT-LAT0435,Sententiae patrum Aegyptiorum,Martinus Bracarensis,550,prose,lat_0550_IT-LAT0435.txt
IT-LAT0990_7,Exhortatio humilitatis,Martinus Bracarensis,550,prose,lat_0550_IT-LAT0990_7.txt
IT-LAT0990_8,"Formula vitae honestae, De quattuor virtutibus",Martinus Bracarensis,550,prose,lat_0550_IT-LAT0990_8.txt
IT-LAT0783,Historiae,Gregorius Turonensis,550,prose,lat_0550_IT-LAT0783.txt
IT-LAT0791,Chronicon,Marcellinus Comes,550,prose,lat_0550_IT-LAT0791.txt
IT-LAT0875,Tractatus de nativitate Domini Nostri Christi,Thomas Edessenus,550,prose,lat_0550_IT-LAT0875.txt
IT-LAT0906,De summa temporum vel origine actibusque gentis Romanorum,Iordanes,550,prose,lat_0550_IT-LAT0906.txt
IT-LAT0987,De observatione ciborum,Anthimus,550,prose,lat_0550_IT-LAT0987.txt
IT-LAT0990_9,Capitula ex orientalium patrum synodis,Martinus Bracarensis,550,prose,lat_0550_IT-LAT0990_9.txt
MQDQ-353,de actibus apostolorum,Arator,550,poetry,lat_0550.0_MQDQ-353.txt
MQDQ-351,epistula ad Florianum,Arator,550,poetry,lat_0550.0_MQDQ-351.txt
MQDQ-354,epistula ad Parthenium,Arator,550,poetry,lat_0550.0_MQDQ-354.txt
MQDQ-355,in historiam praefatio,Arator,550,poetry,lat_0550.0_MQDQ-355.txt
MQDQ-352,epistula ad Vigilium,Arator,550,poetry,lat_0550.0_MQDQ-352.txt
MQDQ-43,panegyricus in laudem Anastasii,Corippus,550,poetry,lat_0550.0_MQDQ-43.txt
MQDQ-42,Iohannis,Corippus,550,poetry,lat_0550.0_MQDQ-42.txt
MQDQ-44,panegyricus in laudem Iustini Augusti,Corippus,550,poetry,lat_0550.0_MQDQ-44.txt
MQDQ-65,elogium Asbadi,elogium Asbadi,550,poetry,lat_0550.0_MQDQ-65.txt
MQDQ-93,hymnus in laudem Seuerini,Eugippus,550,poetry,lat_0550.0_MQDQ-93.txt
MQDQ-94,carmina (anth. Riese),Felix,550,poetry,lat_0550.0_MQDQ-94.txt
MQDQ-95,hymnus,Flauius Cabilonensis Episcopus,550,poetry,lat_0550.0_MQDQ-95.txt
MQDQ-98,carmen (anth. Riese),Florentinus,550,poetry,lat_0550.0_MQDQ-98.txt
MQDQ-122,"historia Apollonii, uersus inserti","historia Apollonii, uersus inserti",550,poetry,lat_0550.0_MQDQ-122.txt
MQDQ-177,carmina (anth. Riese),Luxurius,550,poetry,lat_0550.0_MQDQ-177.txt
MQDQ-244,uersus in Benedicti laudem,Marcus Casinensis,550,poetry,lat_0550.0_MQDQ-244.txt
MQDQ-216,elegiarum appendix,Maximianus,550,poetry,lat_0550.0_MQDQ-216.txt
MQDQ-215,elegiae,Maximianus,550,poetry,lat_0550.0_MQDQ-215.txt
MQDQ-347,carmen in laudem Anastasii imperatoris,Priscianus,550,poetry,lat_0550.0_MQDQ-347.txt
MQDQ-348,carminis fragmentum,Priscianus,550,poetry,lat_0550.0_MQDQ-348.txt
MQDQ-346,perihegesis,Priscianus,550,poetry,lat_0550.0_MQDQ-346.txt
MQDQ-415,de Christi beneficiis,Rusticius Helpidius,550,poetry,lat_0550.0_MQDQ-415.txt
MQDQ-416,tristicha,Rusticius Helpidius,550,poetry,lat_0550.0_MQDQ-416.txt
MQDQ-191,in Euangelia,Severus Malacitanus,550,poetry,lat_0550.0_MQDQ-191.txt
MQDQ-475,sylloge cod. Elnonensis,sylloge cod. Elnonensis,550,poetry,lat_0550.0_MQDQ-475.txt
MQDQ-537,de satisfactione paenitentiae,Verecundus Iuncensis Episcopus,552,poetry,lat_0552_MQDQ-537.txt
MQDQ-619,hymni,Columba,559,poetry,lat_0559_MQDQ-619.txt
IT-LAT0243,De Musica,"Cassiodorus, Flavius Magnus Aurelius",562,prose,lat_0562_IT-LAT0243.txt
IT-LAT0482,Institutiones divinarum et saecularium litterarum,"Cassiodorus, Flavius Magnus Aurelius",562,prose,lat_0562_IT-LAT0482.txt
MQDQ-30,epistula metrica,Columbanus,579,poetry,lat_0579_MQDQ-30.txt
MQDQ-34,versus ad Fidolium,Columbanus,579,poetry,lat_0579_MQDQ-34.txt
MQDQ-31,versus ad Hunaldum,Columbanus,579,poetry,lat_0579_MQDQ-31.txt
MQDQ-35,versus in mulieres,Columbanus,579,poetry,lat_0579_MQDQ-35.txt
MQDQ-33,carmen navale,Columbanus,579,poetry,lat_0579_MQDQ-33.txt
MQDQ-32,versus ad Sethum,Columbanus,579,poetry,lat_0579_MQDQ-32.txt
MQDQ-209,uersus in basilica,Martinus Bracariensis,579,poetry,lat_0579_MQDQ-209.txt
MQDQ-211,epitaphium,Martinus Bracariensis,579,poetry,lat_0579_MQDQ-211.txt
MQDQ-210,uersus in refectorio,Martinus Bracariensis,579,poetry,lat_0579_MQDQ-210.txt
MQDQ-188,epitaphium,Marius Auenticentis Episcopus,594,poetry,lat_0594_MQDQ-188.txt
IT-LAT0908,Sententiae,Isidorus Hispalensis Episcopus,598,prose,lat_0598_IT-LAT0908.txt
IT-LAT0909,"Historia de regibus Gothorum, Vandalorum et Suevorum",Isidorus Hispalensis Episcopus,598,prose,lat_0598_IT-LAT0909.txt
IT-LAT0957,De natura rerum ad Sisebutum regem liber,Isidorus Hispalensis Episcopus,598,prose,lat_0598_IT-LAT0957.txt
MQDQ-148,carmina,Isidorus Hispalensis Episcopus,598,poetry,lat_0598_MQDQ-148.txt
