id,title,creator,date,type,file,time_interval
IT-LAT0267,Octavius,"Minucius Felix, Marcus",150,prose,lat_0150_IT-LAT0267.txt,150
MQDQ-491,"*ignoti uersus ap. Tert. apol. 25, 8","Tertullianus, Quintus Septimius Florens",190,poetry,lat_0190_MQDQ-491.txt,150
MQDQ-492,*carmen aduersus Marcionem,"Tertullianus, Quintus Septimius Florens",190,poetry,lat_0190_MQDQ-492.txt,150
IT-LAT0062,Ad martyres,"Tertullianus, Quintus Septimius Florens",197,prose,lat_0197_IT-LAT0062.txt,150
IT-LAT0246,Apologeticum,"Tertullianus, Quintus Septimius Florens",197,prose,lat_0197_IT-LAT0246.txt,150
IT-LAT0448,Ad nationes,"Tertullianus, Quintus Septimius Florens",197,prose,lat_0197_IT-LAT0448.txt,150
IT-LAT0248,De testimonio animae,"Tertullianus, Quintus Septimius Florens",198,prose,lat_0198_IT-LAT0248.txt,150
IT-LAT0256,De Baptismo,"Tertullianus, Quintus Septimius Florens",198,prose,lat_0198_IT-LAT0256.txt,150
IT-LAT0737,Adversus Iudaeos,"Tertullianus, Quintus Septimius Florens",198,prose,lat_0198_IT-LAT0737.txt,150
IT-LAT0749,Ad uxorem libri duo,"Tertullianus, Quintus Septimius Florens",198,prose,lat_0198_IT-LAT0749.txt,150
IT-LAT0750,De cultu feminarum libri duo,"Tertullianus, Quintus Septimius Florens",198,prose,lat_0198_IT-LAT0750.txt,150
IT-LAT0058,De spectaculis,"Tertullianus, Quintus Septimius Florens",199,prose,lat_0199_IT-LAT0058.txt,150
IT-LAT0471,Passio Sanctarum Perpetuae et Felicitatis,[Auctor incertus],200,prose,lat_0200_IT-LAT0471.txt,150
IT-LAT0350,De oratione,"Tertullianus, Quintus Septimius Florens",205,prose,lat_0205_IT-LAT0350.txt,150
IT-LAT0744,De exhortatione castitatis,"Tertullianus, Quintus Septimius Florens",205,prose,lat_0205_IT-LAT0744.txt,150
IT-LAT0606,De resurrectione carnis liber,"Tertullianus, Quintus Septimius Florens",210,prose,lat_0210_IT-LAT0606.txt,150
IT-LAT0733,Liber de corona militis,"Tertullianus, Quintus Septimius Florens",210,prose,lat_0210_IT-LAT0733.txt,150
IT-LAT0746,De anima liber,"Tertullianus, Quintus Septimius Florens",210,prose,lat_0210_IT-LAT0746.txt,150
IT-LAT0736,De virginibus velandis,"Tertullianus, Quintus Septimius Florens",213,prose,lat_0213_IT-LAT0736.txt,150
IT-LAT0747,Liber de fuga in persecutione,"Tertullianus, Quintus Septimius Florens",213,prose,lat_0213_IT-LAT0747.txt,150
IT-LAT0755,Liber de monogamia,"Tertullianus, Quintus Septimius Florens",213,prose,lat_0213_IT-LAT0755.txt,150
IT-LAT0788,Adversus Praxean,"Tertullianus, Quintus Septimius Florens",213,prose,lat_0213_IT-LAT0788.txt,150
IT-LAT0607,De saeculi istius fine,Commodianus,250,poetry,lat_0250_IT-LAT0607.txt,150
IT-LAT0865,De Trinitate,Novatianus,250,prose,lat_0250_IT-LAT0865.txt,150
MQDQ-41,carmen de duobus populis,Commodianus,250,poetry,lat_0250.0_MQDQ-41.txt,150
MQDQ-39,instructiones 1,Commodianus,250,poetry,lat_0250.0_MQDQ-39.txt,150
MQDQ-40,instructiones 2,Commodianus,250,poetry,lat_0250.0_MQDQ-40.txt,150
IT-LAT0203,De ave phoenice,[Auctor incertus],300,poetry,lat_0300_IT-LAT0203.txt,150
IT-LAT0264,Adversus nationes,Arnobius,300,prose,lat_0300_IT-LAT0264.txt,150
MQDQ-158,e Graecis conuersa,"Lactantius, Lucius Caecilius Firmianus",300,poetry,lat_0300.0_MQDQ-158.txt,150
MQDQ-159,*de passione domini,"Lactantius, Lucius Caecilius Firmianus",300,poetry,lat_0300.0_MQDQ-159.txt,150
MQDQ-157,de aue Phoenice,"Lactantius, Lucius Caecilius Firmianus",300,poetry,lat_0300.0_MQDQ-157.txt,150
IT-LAT0268,De mortibus persecutorum,"Lactantius, Lucius Caecilius Firmianus",318,prose,lat_0318_IT-LAT0268.txt,150
MQDQ-1,laudes Domini,laudes Domini,321,poetry,lat_0321_MQDQ-1.txt,150
IT-LAT0263,Epistula ad Marcellinam sororem,Ambrosius Mediolanensis,350,prose,lat_0350_IT-LAT0263.txt,150
IT-LAT0609,Poemata,Paulinus Nolanus,350,poetry,lat_0350_IT-LAT0609.txt,150
IT-LAT0612,Chronica,"Severus, Sulpicius",350,prose,lat_0350_IT-LAT0612.txt,150
IT-LAT0719,Itinerarium peregrinatio,Egeria,350,prose,lat_0350_IT-LAT0719.txt,150
IT-LAT0775,Fasti,Hydatius Lemicensis,350,prose,lat_0350_IT-LAT0775.txt,150
IT-LAT0776,Chronicon,Hydatius Lemicensis,350,prose,lat_0350_IT-LAT0776.txt,150
IT-LAT0978,Apophthegmata,Macarius Magnus: Sanctus,350,prose,lat_0350_IT-LAT0978.txt,150
MQDQ-151,euangeliorum libri,Vettius Aquilinus Iuuencus,350,poetry,lat_0350.0_MQDQ-151.txt,150
MQDQ-350,cento Vergilianus,Faltonia Betitia Proba,350,poetry,lat_0350.0_MQDQ-350.txt,150
MQDQ-120,*de euangelio,Hilarius Pictauiensis,367,poetry,lat_0367_MQDQ-120.txt,150
MQDQ-118,*in genesin,Hilarius Pictauiensis,367,poetry,lat_0367_MQDQ-118.txt,150
MQDQ-117,*hymnus de Christo,Hilarius Pictauiensis,367,poetry,lat_0367_MQDQ-117.txt,150
MQDQ-119,*de martyrio Maccabaeorum,Hilarius Pictauiensis,367,poetry,lat_0367_MQDQ-119.txt,150
MQDQ-183,disticha de uetere nouoque Testamento,Ambrosius Mediolanensis,368,poetry,lat_0368_MQDQ-183.txt,150
MQDQ-179,e Graecis conuersa,Ambrosius Mediolanensis,368,poetry,lat_0368_MQDQ-179.txt,150
MQDQ-180,hymni,Ambrosius Mediolanensis,368,poetry,lat_0368_MQDQ-180.txt,150
MQDQ-181,*uersus de naturis rerum,Ambrosius Mediolanensis,368,poetry,lat_0368_MQDQ-181.txt,150
MQDQ-182,*carmen de ternarii numeri excellentia,Ambrosius Mediolanensis,368,poetry,lat_0368_MQDQ-182.txt,150
MQDQ-368,apotheosis,"Prudentius, Aurelius Clemens",376,poetry,lat_0376_MQDQ-368.txt,150
MQDQ-367,cathemerinon,"Prudentius, Aurelius Clemens",376,poetry,lat_0376_MQDQ-367.txt,150
MQDQ-371,"contra Symmachum, praefationes","Prudentius, Aurelius Clemens",376,poetry,lat_0376_MQDQ-371.txt,150
MQDQ-374,dittochaeon,"Prudentius, Aurelius Clemens",376,poetry,lat_0376_MQDQ-374.txt,150
MQDQ-375,epilogus,"Prudentius, Aurelius Clemens",376,poetry,lat_0376_MQDQ-375.txt,150
MQDQ-369,hamartigenia,"Prudentius, Aurelius Clemens",376,poetry,lat_0376_MQDQ-369.txt,150
MQDQ-373,peristephanon,"Prudentius, Aurelius Clemens",376,poetry,lat_0376_MQDQ-373.txt,150
MQDQ-366,praefationes,"Prudentius, Aurelius Clemens",376,poetry,lat_0376_MQDQ-366.txt,150
MQDQ-372,contra Symmachum,"Prudentius, Aurelius Clemens",376,poetry,lat_0376_MQDQ-372.txt,150
IT-LAT0001,Vulgata VT Genesis,Hieronymus,382,prose,lat_0382_IT-LAT0001.txt,150
IT-LAT0001_1,Vulgata VT Ruth,Hieronymus,382,prose,lat_0382_IT-LAT0001_1.txt,150
IT-LAT0001_2,Vulgata VT Exodus,Hieronymus,382,prose,lat_0382_IT-LAT0001_2.txt,150
IT-LAT0001_3,Vulgata VT Leviticus,Hieronymus,382,prose,lat_0382_IT-LAT0001_3.txt,150
IT-LAT0001_4,Vulgata VT Deuteronomii,Hieronymus,382,prose,lat_0382_IT-LAT0001_4.txt,150
IT-LAT0001_5,Vulgata VT Iosue,Hieronymus,382,prose,lat_0382_IT-LAT0001_5.txt,150
IT-LAT0001_6,Vulgata VT Iudicum,Hieronymus,382,prose,lat_0382_IT-LAT0001_6.txt,150
IT-LAT0001_7,Vulgata VT I Samuelis,Hieronymus,382,prose,lat_0382_IT-LAT0001_7.txt,150
IT-LAT0001_8,Vulgata VT II Samuelis,Hieronymus,382,prose,lat_0382_IT-LAT0001_8.txt,150
IT-LAT0001_9,Vulgata VT I Regum,Hieronymus,382,prose,lat_0382_IT-LAT0001_9.txt,150
IT-LAT0001_10,Vulgata VT II Regum,Hieronymus,382,prose,lat_0382_IT-LAT0001_10.txt,150
IT-LAT0001_11,Vulgata VT I Paralipomenon,Hieronymus,382,prose,lat_0382_IT-LAT0001_11.txt,150
IT-LAT0001_12,Vulgata VT II Paralipomenon,Hieronymus,382,prose,lat_0382_IT-LAT0001_12.txt,150
IT-LAT0001_13,Vulgata VT Esdrae,Hieronymus,382,prose,lat_0382_IT-LAT0001_13.txt,150
IT-LAT0001_14,Vulgata VT Nehemiae,Hieronymus,382,prose,lat_0382_IT-LAT0001_14.txt,150
IT-LAT0001_15,Vulgata VT Tobias,Hieronymus,382,prose,lat_0382_IT-LAT0001_15.txt,150
IT-LAT0001_16,Vulgata VT Iudith,Hieronymus,382,prose,lat_0382_IT-LAT0001_16.txt,150
IT-LAT0001_17,Vulgata VT Esther,Hieronymus,382,prose,lat_0382_IT-LAT0001_17.txt,150
IT-LAT0001_18,Vulgata VT Iob,Hieronymus,382,poetry,lat_0382_IT-LAT0001_18.txt,150
IT-LAT0001_19,Vulgata VT Psalmi,Hieronymus,382,poetry,lat_0382_IT-LAT0001_19.txt,150
IT-LAT0001_20,Vulgata VT Proverbia,Hieronymus,382,poetry,lat_0382_IT-LAT0001_20.txt,150
IT-LAT0001_21,Vulgata VT Ecclesiastes,Hieronymus,382,poetry,lat_0382_IT-LAT0001_21.txt,150
IT-LAT0001_22,Vulgata VT I Canticum Canticorum,Hieronymus,382,poetry,lat_0382_IT-LAT0001_22.txt,150
IT-LAT0001_23,Vulgata VT I Machabaeorum,Hieronymus,382,prose,lat_0382_IT-LAT0001_23.txt,150
IT-LAT0001_24,Vulgata VT II Machabaeorum,Hieronymus,382,prose,lat_0382_IT-LAT0001_24.txt,150
IT-LAT0001_25,Vulgata VT Isaias,Hieronymus,382,prose,lat_0382_IT-LAT0001_25.txt,150
IT-LAT0001_26,Vulgata VT Ieremiae,Hieronymus,382,prose,lat_0382_IT-LAT0001_26.txt,150
IT-LAT0001_27,Vulgata VT Lamentationes,Hieronymus,382,poetry,lat_0382_IT-LAT0001_27.txt,150
IT-LAT0001_28,Vulgata SPURIA Liber Kalilae et Dimnae,Hieronymus,382,prose,lat_0382_IT-LAT0001_28.txt,150
IT-LAT0001_29,Vulgata VT Daniel,Hieronymus,382,prose,lat_0382_IT-LAT0001_29.txt,150
IT-LAT0001_30,Vulgata VT Hosea,Hieronymus,382,prose,lat_0382_IT-LAT0001_30.txt,150
IT-LAT0001_31,Vulgata VT Joel,Hieronymus,382,prose,lat_0382_IT-LAT0001_31.txt,150
IT-LAT0001_32,Vulgata VT Amos,Hieronymus,382,prose,lat_0382_IT-LAT0001_32.txt,150
IT-LAT0001_33,Vulgata VT Abdiae,Hieronymus,382,prose,lat_0382_IT-LAT0001_33.txt,150
IT-LAT0001_34,Vulgata VT Jonah,Hieronymus,382,prose,lat_0382_IT-LAT0001_34.txt,150
IT-LAT0001_35,Vulgata VT Micah,Hieronymus,382,prose,lat_0382_IT-LAT0001_35.txt,150
IT-LAT0001_36,Vulgata VT Nahum,Hieronymus,382,prose,lat_0382_IT-LAT0001_36.txt,150
IT-LAT0001_37,Vulgata VT Habacuc,Hieronymus,382,prose,lat_0382_IT-LAT0001_37.txt,150
IT-LAT0001_38,Vulgata VT Aggaeus,Hieronymus,382,prose,lat_0382_IT-LAT0001_38.txt,150
IT-LAT0001_39,Vulgata VT Zechariach,Hieronymus,382,prose,lat_0382_IT-LAT0001_39.txt,150
IT-LAT0001_40,Vulgata VT Malachi,Hieronymus,382,prose,lat_0382_IT-LAT0001_40.txt,150
IT-LAT0001_41,Vulgata VT Sirach,Hieronymus,382,prose,lat_0382_IT-LAT0001_41.txt,150
IT-LAT0001_42,Vulgata NT Evangelium Secundum Matthaeum,Hieronymus,382,prose,lat_0382_IT-LAT0001_42.txt,150
IT-LAT0001_43,Vulgata NT Evangelium Secundum Marcum,Hieronymus,382,prose,lat_0382_IT-LAT0001_43.txt,150
IT-LAT0001_44,Vulgata NT Evangelium Secundum Lucam,Hieronymus,382,prose,lat_0382_IT-LAT0001_44.txt,150
IT-LAT0001_45,Vulgata NT Evangelium Secundum Ioannem,Hieronymus,382,prose,lat_0382_IT-LAT0001_45.txt,150
IT-LAT0001_46,Vulgata NT Actus Apostolorum,Hieronymus,382,prose,lat_0382_IT-LAT0001_46.txt,150
IT-LAT0001_47,Vulgata NT Ad Romanos,Hieronymus,382,prose,lat_0382_IT-LAT0001_47.txt,150
IT-LAT0001_48,Vulgata NT Ad Corinthios I,Hieronymus,382,prose,lat_0382_IT-LAT0001_48.txt,150
IT-LAT0001_49,Vulgata NT Ad Corinthios II,Hieronymus,382,prose,lat_0382_IT-LAT0001_49.txt,150
IT-LAT0001_50,Vulgata NT Ad Galatas,Hieronymus,382,prose,lat_0382_IT-LAT0001_50.txt,150
IT-LAT0001_51,Vulgata NT Ad Ephesios,Hieronymus,382,prose,lat_0382_IT-LAT0001_51.txt,150
IT-LAT0001_52,Vulgata NT Ad Philippenses,Hieronymus,382,prose,lat_0382_IT-LAT0001_52.txt,150
IT-LAT0001_53,Vulgata NT Ad Colossenses,Hieronymus,382,prose,lat_0382_IT-LAT0001_53.txt,150
IT-LAT0001_54,Vulgata NT Ad Thessalonicenses I,Hieronymus,382,prose,lat_0382_IT-LAT0001_54.txt,150
IT-LAT0001_55,Vulgata NT Ad Thessalonicenses II,Hieronymus,382,prose,lat_0382_IT-LAT0001_55.txt,150
IT-LAT0001_56,Vulgata NT Ad Timotheum I,Hieronymus,382,prose,lat_0382_IT-LAT0001_56.txt,150
IT-LAT0001_57,Vulgata NT Ad Timotheum II,Hieronymus,382,prose,lat_0382_IT-LAT0001_57.txt,150
IT-LAT0001_58,Vulgata NT Ad Titum,Hieronymus,382,prose,lat_0382_IT-LAT0001_58.txt,150
IT-LAT0001_59,Vulgata NT Ad Philemonem,Hieronymus,382,prose,lat_0382_IT-LAT0001_59.txt,150
IT-LAT0001_60,Vulgata NT Ad Hebraeos,Hieronymus,382,prose,lat_0382_IT-LAT0001_60.txt,150
IT-LAT0001_61,Vulgata NT Iacobi,Hieronymus,382,prose,lat_0382_IT-LAT0001_61.txt,150
IT-LAT0001_62,Vulgata NT I Petri,Hieronymus,382,prose,lat_0382_IT-LAT0001_62.txt,150
IT-LAT0001_63,Vulgata NT II Petri,Hieronymus,382,prose,lat_0382_IT-LAT0001_63.txt,150
IT-LAT0001_64,Vulgata NT I Ioannis,Hieronymus,382,prose,lat_0382_IT-LAT0001_64.txt,150
IT-LAT0001_65,Vulgata NT II Ioannis,Hieronymus,382,prose,lat_0382_IT-LAT0001_65.txt,150
IT-LAT0001_66,Vulgata NT III Ioannis,Hieronymus,382,prose,lat_0382_IT-LAT0001_66.txt,150
IT-LAT0001_67,Vulgata NT Iudae,Hieronymus,382,prose,lat_0382_IT-LAT0001_67.txt,150
IT-LAT0001_68,Vulgata NT Apocalypsis,Hieronymus,382,prose,lat_0382_IT-LAT0001_68.txt,150
IT-LAT0001_69,Vulgata VT Sapientiae,Hieronymus,382,prose,lat_0382_IT-LAT0001_69.txt,150
IT-LAT1039,Vulgata,Hieronymus,382,prose,lat_0382_IT-LAT1039.txt,150
MQDQ-56,epigrammata,Damasus,384,poetry,lat_0384_MQDQ-56.txt,150
IT-LAT0061,De dialectica,"Augustinus, Aurelius",387,prose,lat_0387_IT-LAT0061.txt,150
IT-LAT0793,De magistro,"Augustinus, Aurelius",389,prose,lat_0389_IT-LAT0793.txt,150
IT-LAT0726,Vita Malchi monachi captivi,Hieronymus,390,prose,lat_0390_IT-LAT0726.txt,150
IT-LAT0016,Regula,"Augustinus, Aurelius",391,prose,lat_0391_IT-LAT0016.txt,150
IT-LAT0847,De Mysteriis,Ambrosius Mediolanensis,391,prose,lat_0391_IT-LAT0847.txt,150
MQDQ-513,*carmina (anth. Riese),Augustinus Hipponensis,392,poetry,lat_0392_MQDQ-513.txt,150
MQDQ-514,"*ignoti uersus ap. Aug. mus. 5, 13, 27",Augustinus Hipponensis,392,poetry,lat_0392_MQDQ-514.txt,150
MQDQ-515,*precatio ad Christum,Augustinus Hipponensis,392,poetry,lat_0392_MQDQ-515.txt,150
MQDQ-512,psalmus contra partem Donati,Augustinus Hipponensis,392,poetry,lat_0392_MQDQ-512.txt,150
MQDQ-516,uersus Sibyllae,Augustinus Hipponensis,392,poetry,lat_0392_MQDQ-516.txt,150
MQDQ-280,carminum appendix,Paulinus Nolanus,392,poetry,lat_0392_MQDQ-280.txt,150
MQDQ-279,carmina,Paulinus Nolanus,392,poetry,lat_0392_MQDQ-279.txt,150
MQDQ-281,carmen epist. 8 insertum,Paulinus Nolanus,392,poetry,lat_0392_MQDQ-281.txt,150
MQDQ-282,carmina epist. 32 inserta,Paulinus Nolanus,392,poetry,lat_0392_MQDQ-282.txt,150
IT-LAT0397,De fide et symbolo,"Augustinus, Aurelius",393,prose,lat_0393_IT-LAT0397.txt,150
IT-LAT1004,Regula ad monachos,"Macarius Alexandrinus Abbas Nitriensis, Sanctus",395,prose,lat_0395_IT-LAT1004.txt,150
IT-LAT0015,Confessiones,"Augustinus, Aurelius",399,prose,lat_0399_IT-LAT0015.txt,150
IT-LAT0403,De cathechizandis rudibus,"Augustinus, Aurelius",399,prose,lat_0399_IT-LAT0403.txt,150
IT-LAT0270,Psychomachia,"Prudentius, Aurelius Clemens",400,poetry,lat_0400_IT-LAT0270.txt,150
IT-LAT0843,Contra Ioannem Hierosolymitanum Episcopum ad Pammachium,Hieronymus,400,prose,lat_0400_IT-LAT0843.txt,150
IT-LAT0878,Vita Pauli,Hieronymus,400,prose,lat_0400_IT-LAT0878.txt,150
IT-LAT0880,Epistulae,Hieronymus,400,prose,lat_0400_IT-LAT0880.txt,150
MQDQ-379,carmen ad quendam senatorem,pseudo Cyprianus,400,poetry,lat_0400.0_MQDQ-379.txt,150
MQDQ-381,de Iona,pseudo Cyprianus,400,poetry,lat_0400.0_MQDQ-381.txt,150
MQDQ-382,de pascha,pseudo Cyprianus,400,poetry,lat_0400.0_MQDQ-382.txt,150
MQDQ-383,de resurrectione mortuorum,pseudo Cyprianus,400,poetry,lat_0400.0_MQDQ-383.txt,150
MQDQ-380,de Sodoma,pseudo Cyprianus,400,poetry,lat_0400.0_MQDQ-380.txt,150
IT-LAT0410,Vita Sancti Martini episcopi et confessoris,"Severus, Sulpicius",403,prose,lat_0403_IT-LAT0410.txt,150
MQDQ-283,eucharisticos,Paulinus Pellaeus,418,poetry,lat_0418_MQDQ-283.txt,150
MQDQ-284,oratio,Paulinus Pellaeus,418,poetry,lat_0418_MQDQ-284.txt,150
IT-LAT0768,A Firmo de civitate Dei,"Augustinus, Aurelius",419,prose,lat_0419_IT-LAT0768.txt,150
IT-LAT0610,Liber sententiarum,Prosper Aquitanus,426,prose,lat_0426_IT-LAT0610.txt,150
IT-LAT0383,Contra haereticos,[Auctor incertus],438,prose,lat_0438_IT-LAT0383.txt,150
IT-LAT0414,A solis ortus cardine,Sedulius,450,poetry,lat_0450_IT-LAT0414.txt,150
IT-LAT0608,De laude eremi,Eucherius Arelas: Sanctus,450,prose,lat_0450_IT-LAT0608.txt,150
IT-LAT0904,Adversus profanas omnium novitates haereticorum commonitorium cum notis,Vincent de L√©rins,450,prose,lat_0450_IT-LAT0904.txt,150
MQDQ-66,uersus de fide,Agrestius Gallus Episcopus,450,poetry,lat_0450.0_MQDQ-66.txt,150
MQDQ-608,epistula ad Arbogastem,Auspicius Tullensis Episcopus,450,poetry,lat_0450.0_MQDQ-608.txt,150
MQDQ-5,carmen Sibyllinum,carmen Sibyllinum,450,poetry,lat_0450.0_MQDQ-5.txt,150
MQDQ-52,deuteronomium,Cyprianus Gallus,450,poetry,lat_0450.0_MQDQ-52.txt,150
MQDQ-49,exodus,Cyprianus Gallus,450,poetry,lat_0450.0_MQDQ-49.txt,150
MQDQ-55,deperditorum carminum reliquiae,Cyprianus Gallus,450,poetry,lat_0450.0_MQDQ-55.txt,150
MQDQ-48,liber geneseos,Cyprianus Gallus,450,poetry,lat_0450.0_MQDQ-48.txt,150
MQDQ-53,Iesu Naue,Cyprianus Gallus,450,poetry,lat_0450.0_MQDQ-53.txt,150
MQDQ-54,iudicum,Cyprianus Gallus,450,poetry,lat_0450.0_MQDQ-54.txt,150
MQDQ-50,leuiticus,Cyprianus Gallus,450,poetry,lat_0450.0_MQDQ-50.txt,150
MQDQ-51,numeri,Cyprianus Gallus,450,poetry,lat_0450.0_MQDQ-51.txt,150
MQDQ-59,de laudibus dei,Dracontius,450,poetry,lat_0450.0_MQDQ-59.txt,150
MQDQ-60,satisfactio,Dracontius,450,poetry,lat_0450.0_MQDQ-60.txt,150
MQDQ-243,carmina minora,Orientius,450,poetry,lat_0450.0_MQDQ-243.txt,150
MQDQ-242,commonitorium,Orientius,450,poetry,lat_0450.0_MQDQ-242.txt,150
MQDQ-278,epigramma,Paulinus Baeterrensis,450,poetry,lat_0450.0_MQDQ-278.txt,150
MQDQ-285,de uita Martini,Paulinus Petricordiae,450,poetry,lat_0450.0_MQDQ-285.txt,150
MQDQ-287,uersus de orantibus,Paulinus Petricordiae,450,poetry,lat_0450.0_MQDQ-287.txt,150
MQDQ-286,de uisitatione nepotuli sui,Paulinus Petricordiae,450,poetry,lat_0450.0_MQDQ-286.txt,150
MQDQ-360,"carmen de ingratis, argumentum",Prosper Aquitanus,450,poetry,lat_0450.0_MQDQ-360.txt,150
MQDQ-363,epigrammata,Prosper Aquitanus,450,poetry,lat_0450.0_MQDQ-363.txt,150
MQDQ-364,epitaphium haereseon,Prosper Aquitanus,450,poetry,lat_0450.0_MQDQ-364.txt,150
MQDQ-361,carmen de ingratis,Prosper Aquitanus,450,poetry,lat_0450.0_MQDQ-361.txt,150
MQDQ-362,in obtrectatorem Augustini,Prosper Aquitanus,450,poetry,lat_0450.0_MQDQ-362.txt,150
MQDQ-365,*carmen de prouidentia,Prosper Aquitanus,450,poetry,lat_0450.0_MQDQ-365.txt,150
MQDQ-423,hymni,Sedulius,450,poetry,lat_0450.0_MQDQ-423.txt,150
MQDQ-422,carmen paschale,Sedulius,450,poetry,lat_0450.0_MQDQ-422.txt,150
MQDQ-564,de Iesu Christo,Victorinus,450,poetry,lat_0450.0_MQDQ-564.txt,150
MQDQ-565,de lege domini,Victorinus,450,poetry,lat_0450.0_MQDQ-565.txt,150
MQDQ-566,de natiuitate,Victorinus,450,poetry,lat_0450.0_MQDQ-566.txt,150
MQDQ-189,alethia,Marius Victor,450,poetry,lat_0450.0_MQDQ-189.txt,150
MQDQ-444,carmina,Sidonius Apollinaris,458,poetry,lat_0458_MQDQ-444.txt,150
MQDQ-445,"epistulae, uersus inserti",Sidonius Apollinaris,458,poetry,lat_0458_MQDQ-445.txt,150
MQDQ-111,"carmen epist. 2, 19 insertum",Ruricius Lemovicensis Episcopus,473,poetry,lat_0473_MQDQ-111.txt,150
MQDQ-140,hymni Christiani anonymi,hymni Christiani anonymi,500,poetry,lat_0500.0_MQDQ-140.txt,150
MQDQ-277,carminum fragmenta,Parthenius Africanus Presbyter,500,poetry,lat_0500_MQDQ-277.txt,150
MQDQ-623,carminum appendix,Alcimus Auitus,518,poetry,lat_0518_MQDQ-623.txt,150
MQDQ-622,poematum libri,Alcimus Auitus,518,poetry,lat_0518_MQDQ-622.txt,150
MQDQ-75,carmina 1,Ennodius,521,poetry,lat_0521_MQDQ-75.txt,150
MQDQ-76,carmina 2,Ennodius,521,poetry,lat_0521_MQDQ-76.txt,150
MQDQ-83,"Castitas, opusc. 6",Ennodius,521,poetry,lat_0521_MQDQ-83.txt,150
MQDQ-77,"dictiones, 12, 24, 28, uersus inserti",Ennodius,521,poetry,lat_0521_MQDQ-77.txt,150
MQDQ-78,"epistulae, 5,7-8, uersus inserti",Ennodius,521,poetry,lat_0521_MQDQ-78.txt,150
MQDQ-79,"epistulae, 7,21-29, uersus inserti",Ennodius,521,poetry,lat_0521_MQDQ-79.txt,150
MQDQ-84,"Fides, opusc. 6",Ennodius,521,poetry,lat_0521_MQDQ-84.txt,150
MQDQ-85,"Grammatica, opusc. 6",Ennodius,521,poetry,lat_0521_MQDQ-85.txt,150
MQDQ-81,"laus uersuum, opusc. 6",Ennodius,521,poetry,lat_0521_MQDQ-81.txt,150
MQDQ-80,"opuscula, 6, uersus inserti",Ennodius,521,poetry,lat_0521_MQDQ-80.txt,150
MQDQ-86,"Rhetorica, opusc. 6",Ennodius,521,poetry,lat_0521_MQDQ-86.txt,150
MQDQ-82,"Verecundia, opusc. 6",Ennodius,521,poetry,lat_0521_MQDQ-82.txt,150
IT-LAT0011,S. Benedicti Regula,Benedictus Nursianus,524,prose,lat_0524_IT-LAT0011.txt,150
MQDQ-621,uersus in subscritione codicis Hegesippi,Cyprianus Tolonensis Episcopus,525,poetry,lat_0525_MQDQ-621.txt,150
MQDQ-618,uersus de calice,Remigius Remensis Episcopus,533,poetry,lat_0533_MQDQ-618.txt,150
IT-LAT0251,Epistulae Theodoricianae variae,"Cassiodorus, Flavius Magnus Aurelius",535,prose,lat_0535_IT-LAT0251.txt,150
IT-LAT0252,Orationes,"Cassiodorus, Flavius Magnus Aurelius",535,prose,lat_0535_IT-LAT0252.txt,150
IT-LAT0250,De Anima,"Cassiodorus, Flavius Magnus Aurelius",540,prose,lat_0540_IT-LAT0250.txt,150
MQDQ-574,pro itineris et nauigii prosperitate,Gildas sapiens,540,poetry,lat_0540_MQDQ-574.txt,150
MQDQ-575,oratio,Gildas sapiens,540,poetry,lat_0540_MQDQ-575.txt,150
IT-LAT0990,"Concilium Bracarense primum octo episcoporum, habitum aera DXCIX, anno tertio Ariamiri regis, die Kalendarum Maiarum.",Martinus Bracarensis,550,prose,lat_0550_IT-LAT0990.txt,150
IT-LAT0990_1,"Concilium Bracarense secundum duodecim episcoporum, habitum anno secundo regis Mironis, die Kalendarum Iuniarum, aera DCX.",Martinus Bracarensis,550,prose,lat_0550_IT-LAT0990_1.txt,150
IT-LAT0990_2,De correctione rusticorum,Martinus Bracarensis,550,prose,lat_0550_IT-LAT0990_2.txt,150
IT-LAT0990_3,De ira,Martinus Bracarensis,550,prose,lat_0550_IT-LAT0990_3.txt,150
IT-LAT0990_4,De Pascha,Martinus Bracarensis,550,prose,lat_0550_IT-LAT0990_4.txt,150
IT-LAT0990_5,De superbia,Martinus Bracarensis,550,prose,lat_0550_IT-LAT0990_5.txt,150
IT-LAT0990_6,De Trina Mersione,Martinus Bracarensis,550,prose,lat_0550_IT-LAT0990_6.txt,150
IT-LAT0990_7,Exhortatio humilitatis,Martinus Bracarensis,550,prose,lat_0550_IT-LAT0990_7.txt,150
IT-LAT0990_8,"Formula vitae honestae, De quattuor virtutibus",Martinus Bracarensis,550,prose,lat_0550_IT-LAT0990_8.txt,150
IT-LAT0783,Historiae,Gregorius Turonensis,550,prose,lat_0550_IT-LAT0783.txt,150
IT-LAT0791,Chronicon,Marcellinus Comes,550,prose,lat_0550_IT-LAT0791.txt,150
IT-LAT0875,Tractatus de nativitate Domini Nostri Christi,Thomas Edessenus,550,prose,lat_0550_IT-LAT0875.txt,150
IT-LAT0990_9,Capitula ex orientalium patrum synodis,Martinus Bracarensis,550,prose,lat_0550_IT-LAT0990_9.txt,150
MQDQ-353,de actibus apostolorum,Arator,550,poetry,lat_0550.0_MQDQ-353.txt,150
MQDQ-351,epistula ad Florianum,Arator,550,poetry,lat_0550.0_MQDQ-351.txt,150
MQDQ-354,epistula ad Parthenium,Arator,550,poetry,lat_0550.0_MQDQ-354.txt,150
MQDQ-355,in historiam praefatio,Arator,550,poetry,lat_0550.0_MQDQ-355.txt,150
MQDQ-352,epistula ad Vigilium,Arator,550,poetry,lat_0550.0_MQDQ-352.txt,150
MQDQ-95,hymnus,Flauius Cabilonensis Episcopus,550,poetry,lat_0550.0_MQDQ-95.txt,150
MQDQ-244,uersus in Benedicti laudem,Marcus Casinensis,550,poetry,lat_0550.0_MQDQ-244.txt,150
MQDQ-415,de Christi beneficiis,Rusticius Helpidius,550,poetry,lat_0550.0_MQDQ-415.txt,150
MQDQ-416,tristicha,Rusticius Helpidius,550,poetry,lat_0550.0_MQDQ-416.txt,150
MQDQ-191,in Euangelia,Severus Malacitanus,550,poetry,lat_0550.0_MQDQ-191.txt,150
MQDQ-619,hymni,Columba,559,poetry,lat_0559_MQDQ-619.txt,150
IT-LAT0243,De Musica,"Cassiodorus, Flavius Magnus Aurelius",562,prose,lat_0562_IT-LAT0243.txt,150
IT-LAT0482,Institutiones divinarum et saecularium litterarum,"Cassiodorus, Flavius Magnus Aurelius",562,prose,lat_0562_IT-LAT0482.txt,150
MQDQ-30,epistula metrica,Columbanus,579,poetry,lat_0579_MQDQ-30.txt,150
MQDQ-34,versus ad Fidolium,Columbanus,579,poetry,lat_0579_MQDQ-34.txt,150
MQDQ-31,versus ad Hunaldum,Columbanus,579,poetry,lat_0579_MQDQ-31.txt,150
MQDQ-35,versus in mulieres,Columbanus,579,poetry,lat_0579_MQDQ-35.txt,150
MQDQ-33,carmen navale,Columbanus,579,poetry,lat_0579_MQDQ-33.txt,150
MQDQ-32,versus ad Sethum,Columbanus,579,poetry,lat_0579_MQDQ-32.txt,150
MQDQ-209,uersus in basilica,Martinus Bracariensis,579,poetry,lat_0579_MQDQ-209.txt,150
MQDQ-211,epitaphium,Martinus Bracariensis,579,poetry,lat_0579_MQDQ-211.txt,150
MQDQ-210,uersus in refectorio,Martinus Bracariensis,579,poetry,lat_0579_MQDQ-210.txt,150
MQDQ-188,epitaphium,Marius Auenticentis Episcopus,594,poetry,lat_0594_MQDQ-188.txt,150
IT-LAT0908,Sententiae,Isidorus Hispalensis Episcopus,598,prose,lat_0598_IT-LAT0908.txt,150
IT-LAT0909,"Historia de regibus Gothorum, Vandalorum et Suevorum",Isidorus Hispalensis Episcopus,598,prose,lat_0598_IT-LAT0909.txt,150
IT-LAT0957,De natura rerum ad Sisebutum regem liber,Isidorus Hispalensis Episcopus,598,prose,lat_0598_IT-LAT0957.txt,150
MQDQ-148,carmina,Isidorus Hispalensis Episcopus,598,poetry,lat_0598_MQDQ-148.txt,150
